 Site ID ; Nazwa stacji ; kod pocztowy ; Miasto ; Adres ; HGV ; email ; telefon ; telefon 2 ; położenie ;;;HGV - STACJE REKOMENDOWANE DLA TRANSTORTU CIĘŻKIEGO;;;;
1001;OSTROBRAMSKA;04-175;Warszawa;ul. Ostrobramska 75;Yes;1001@shellpl.pl;511845477;;pokaż na mapie;;;;;https://maps.google.pl/maps/search/52.232304,+21.115047/@52.232304,21.11504717z;52.232304;21.115047
1002;STAWKI;01-040;Warszawa;ul. Stawki 42;No;1002@shellpl.pl;511825418;;pokaż na mapie;;;;;https://maps.google.pl/maps/search/52.25063,+20.982283/@52.25063,20.98228317z;52.25063;20.982283
1003;PRUSZKÓW;05-800;Pruszków;al. Wojska Polskiego 4;No;1003@shellpl.pl;511846134;;pokaż na mapie;;;;;https://maps.google.pl/maps/search/52.167533,+20.806249/@52.167533,20.80624917z;52.167533;20.806249
1005;BIAŁY;02-183;Warszawa;Al. Krakowska 15;Yes;1005@shellpl.pl;511846258;;pokaż na mapie;;;;;https://maps.google.pl/maps/search/52.165226,+20.931262/@52.165226,20.93126217z;52.165226;20.931262
1006;MARKI;05-270;Marki;ul. Piłsudskiego 2;Yes;1006@shellpl.pl;511835340;;pokaż na mapie;;;;;https://maps.google.pl/maps/search/52.304716,+21.090708/@52.304716,21.09070817z;52.304716;21.090708
1008;ŁABISZYŃSKA;03-204 ;Warszawa;ul. Łabiszyńska 27;No;1008@shellpl.pl;511822469;;pokaż na mapie;;;;;https://maps.google.pl/maps/search/52.298293,+21.032537/@52.298293,21.03253717z;52.298293;21.032537
1009;POWSIŃSKA;02-903;Warszawa;ul. Powsińska (rog Bonifacego);No;1009@shellpl.pl;511845719;;pokaż na mapie;;;;;https://maps.google.pl/maps/search/52.188487,+21.06118/@52.188487,21.0611817z;52.188487;21.06118
1010;MANGALIA;02-930;Warszawa;ul. Mangalia (rog Sikorskiego);No;1010@shellpl.pl;511845929;;pokaż na mapie;;;;;https://maps.google.pl/maps/search/52.187822,+21.046726/@52.187822,21.04672617z;52.187822;21.046726
1013;LEGIONOWO;05-120;Legionowo;ul. Warszawska 68;no;1013@shellpl.pl;511816549;;pokaż na mapie;;;;;https://maps.google.pl/maps/search/52.390966,+20.932222/@52.390966,20.93222217z;52.390966;20.932222
1019;ODROWĄŻA;03-310;Warszawa;ul. Odrowąża 7A ;No;1019@shellpl.pl;511822541;;pokaż na mapie;;;;;https://maps.google.pl/maps/search/52.274644,+21.030048/@52.274644,21.03004817z;52.274644;21.030048
1020;AUDI;05-500;Piaseczno;ul. Armii Krajowej 20;no;1020@shellpl.pl;571303002;;pokaż na mapie;;;;;https://maps.google.pl/maps/search/52.079727,+21.034098/@52.079727,21.03409817z;52.079727;21.034098
1021;INDIRA;02-781;Warszawa;ul. rtm. Witolda Pileckiego 101;no;1021@shellpl.pl;511846098;;pokaż na mapie;;;;;https://maps.google.pl/maps/search/52.145268,+21.036702/@52.145268,21.03670217z;52.145268;21.036702
1023;PERI;05-850;Płochocin;ul. Poznańska 377;Yes;1023@shellpl.pl;511846429;;pokaż na mapie;;;;;https://maps.google.pl/maps/search/52.21163,+20.732961/@52.21163,20.73296117z;52.21163;20.732961
1024;DREWNY;02-968;Warszawa;ul. Łukasza Drewny 2;no;1024@shellpl.pl;511835091;;pokaż na mapie;;;;;https://maps.google.pl/maps/search/52.11891,+21.103781/@52.11891,21.10378117z;52.11891;21.103781
1031;SOKRATESA;01-909 ;Warszawa ;ul. Sokratesa 11;no;1031@shellpl.pl;511826648;;pokaż na mapie;;;;;https://maps.google.pl/maps/search/52.284723,+20.927753/@52.284723,20.92775317z;52.284723;20.927753
1042;ALBERT;05-827;Grodzisk Mazowiecki;ul. Królewska 69;no;1042@shellpl.pl;511833546;;pokaż na mapie;;;;;https://maps.google.pl/maps/search/52.104518,+20.635795/@52.104518,20.63579517z;52.104518;20.635795
1049;ŻABIA WOLA;96-321;Żabia Wola ;ul. Przy Trasie 4;yes;1049@shellpl.pl;511846497;;pokaż na mapie;;;;;https://maps.google.pl/maps/search/52.028149,+20.672579/@52.028149,20.67257917z;52.028149;20.672579
1053;MICHALINEK;09-141;Płońsk;Michalinek Droga Krajowa 7;yes;1053@shellpl.pl;509734349;;pokaż na mapie;;;;;https://maps.google.pl/maps/search/52.587367,+20.454934/@52.587367,20.45493417z;52.587367;20.454934
1055;KOBYŁKA;05-230;Kobyłka;ul. Nadarzyńska 5;yes;1055@shellpl.pl;511835341;;pokaż na mapie;;;;;https://maps.google.pl/maps/search/52.33508,+21.222426/@52.33508,21.22242617z;52.33508;21.222426
1059;RUGBY;96-500;Sochaczew;ul. Żyrardowska 47;yes;1059@shellpl.pl;571303124;;pokaż na mapie;;;;;https://maps.google.pl/maps/search/52.209793,+20.251762/@52.209793,20.25176217z;52.209793;20.251762
1061;ZAŁUSKI;09-142;Załuski;Droga Krajowa 7;Yes;1061@shellpl.pl;509734354;;pokaż na mapie;;;;;https://maps.google.pl/maps/search/52.503213,+20.534756/@52.503213,20.53475617z;52.503213;20.534756
1064;NIEPORĘT LAJON;03-044;Warszawa;ul. Płochocińska 201;no;1064@shellpl.pl;511822980;;pokaż na mapie;;;;;https://maps.google.pl/maps/search/52.364751,+21.027478/@52.364751,21.02747817z;52.364751;21.027478
1068;KONIK;05-462 ;Wiązowna;Duchnów, Szosa Mińska 42;Yes;1068@shellpl.pl;509734333;;pokaż na mapie;;;;;https://maps.google.pl/maps/search/52.2105,+21.338763/@52.2105,21.33876317z;52.2105;21.338763
1083;GOSTYNIN WEST;09-500;Gostynin;Legarda 15b kierunek Płock;Yes;1083@shellpl.pl;662575559;;pokaż na mapie;;;;;https://maps.google.pl/maps/search/52.436535,+19.504917/@52.436535,19.50491717z;52.436535;19.504917
1084;GOSTYNIN EAST;09-500;Gostynin;Legarda 15a kierunek Kutno;Yes;1084@shellpl.pl;662569899;;pokaż na mapie;;;;;https://maps.google.pl/maps/search/52.436601,+19.507148/@52.436601,19.50714817z;52.436601;19.507148
1086;GARWOLIN RING;08-400;Garwolin;Trakt Lwowski;yes;1086@shellpl.pl;571303137;571303138;pokaż na mapie;;;;;https://maps.google.pl/maps/search/51.899227,+21.584402/@51.899227,21.58440217z;51.899227;21.584402
1093;MAGDALENKA;05-506;Lesznowola;ul.Słoneczna 300/302;no;1093@shellpl.pl;222434286;;pokaż na mapie;;;;;https://maps.google.pl/maps/search/52.098129,+20.909761/@52.098129,20.90976117z;52.098129;20.909761
1094;SŁABOMIERZ;96-325;Słabomierz;ul. Żyrardowska 17;yes;1094@shellpl.pl;724006565;;pokaż na mapie;;;;;https://maps.google.pl/maps/search/51.999335,+20.495081/@51.999335,20.49508117z;51.999335;20.495081
1098;Lazurowa;01-314;Warszawa;ul. Lazurowa 73;no;1098@shellpl.pl;511825786;;pokaż na mapie;;;;;https://maps.google.pl/maps/search/52.229928,+20.89612/@52.229928,20.8961217z;52.229928;20.89612
1099;KARCZEW;05-480;Karczew;Bema 1;no;1099@shellpl.pl;509858595;;pokaż na mapie;;;;;https://maps.google.pl/maps/search/52.086178,+21.258588/@52.086178,21.25858817z;52.086178;21.258588
1103;TRAKTOROWA;91-164;Łódź;ul. Traktorowa 14/72;no;1103@shellpl.pl;571303110;571303111;pokaż na mapie;;;;;https://maps.google.pl/maps/search/51.787595,+19.392146/@51.787595,19.39214617z;51.787595;19.392146
1104;DĄBROWSKIEGO;93-231;Łódź;ul. Dąbrowskiego 133;no;1104@shellpl.pl;571303112;571303113;pokaż na mapie;;;;;https://maps.google.pl/maps/search/51.735457,+19.506032/@51.735457,19.50603217z;51.735457;19.506032
1105;PASO;93-110;Łódź;ul. Przybyszewskiego 92;no;1105@shellpl.pl;571303114;571303115;pokaż na mapie;;;;;https://maps.google.pl/maps/search/51.74807,+19.488716/@51.74807,19.48871617z;51.74807;19.488716
1106;GEANT;92-202;Łódź;ul. Piłsudskiego 98;no;1106@shellpl.pl;571303004;;pokaż na mapie;;;;;https://maps.google.pl/maps/search/51.763142,+19.498265/@51.763142,19.49826517z;51.763142;19.498265
1107;LIDO;93-418;Łódź;ul. Pabianicka 174;no;1107@shellpl.pl;571303116;571303117;pokaż na mapie;;;;;https://maps.google.pl/maps/search/51.71777,+19.437218/@51.71777,19.43721817z;51.71777;19.437218
1113;JEDYNKA;91-495;Łódź;ul. Zgierska 255;Yes;1113@shellpl.pl;571303118;571303119;pokaż na mapie;;;;;https://maps.google.pl/maps/search/51.82741,+19.427776/@51.82741,19.42777617z;51.82741;19.427776
1117;GÓRNA ;97-300 ;Piotrków Trybunalski;ul. Górna 7;Yes;1117@shellpl.pl;571303095;;pokaż na mapie;;;;;https://maps.google.pl/maps/search/51.406394,+19.682597/@51.406394,19.68259717z;51.406394;19.682597
1118;GRUNWALDZKA;98-200 ;Sieradz;ul. Grunwaldzka 12;Yes;1118@shellpl.pl;514823164;514823792;pokaż na mapie;;;;;https://maps.google.pl/maps/search/51.594454,+18.714235/@51.594454,18.71423517z;51.594454;18.714235
1120;SKIERNIEWICE ;96-100 ;Skierniewice;ul. Wyszyńskiego 4;no;1120@shellpl.pl;511834478;;pokaż na mapie;;;;;https://maps.google.pl/maps/search/51.971749,+20.147102/@51.971749,20.14710217z;51.971749;20.147102
1127;RZGÓW GRAF;95-030;Rzgów;ul. Katowicka 69;Yes;1127@shellpl.pl;571303096;;pokaż na mapie;;;;;https://maps.google.pl/maps/search/51.645314,+19.490894/@51.645314,19.49089417z;51.645314;19.490894
1128;CHANEL;95-039;Rzgów;ul. Katowicka 126;Yes;1128@shellpl.pl;571303097;;pokaż na mapie;;;;;https://maps.google.pl/maps/search/51.658487,+19.478588/@51.658487,19.47858817z;51.658487;19.478588
1131;GREGOR;97-300;Piotrków Trybunalski;ul. Cała 45e;Yes;1131@shellpl.pl;571303098;571303099;pokaż na mapie;;;;;https://maps.google.pl/maps/search/51.441102,+19.679968/@51.441102,19.67996817z;51.441102;19.679968
1133;PABIANICE JUNIOR;95-082;Dobroń Chechło II;ul. Pabianicka 15;Yes;1133@shellpl.pl;571303005;571303006;pokaż na mapie;;;;;https://maps.google.pl/maps/search/51.640314,+19.274987/@51.640314,19.27498717z;51.640314;19.274987
1144;LIMONKA;91-027;Łódź;ul. Limanowskiego 181/185;no;1144@shellpl.pl;571303007;571303008;pokaż na mapie;;;;;https://maps.google.pl/maps/search/51.793163,+19.418179/@51.793163,19.41817917z;51.793163;19.418179
1153;MOP NIESUŁKÓW;95-061;Dmosin;ul. Nowostawy Dolne 140;yes;1153@shellpl.pl;511830197;511830354;pokaż na mapie;;;;;https://maps.google.pl/maps/search/51.898198,+19.705812/@51.898198,19.70581217z;51.898198;19.705812
1154;MOP NOWOSTAWY;95-061;Dmosin;Nowostawy Dolne 141;yes;1154@shellpl.pl;571303120;571303121;pokaż na mapie;;;;;https://maps.google.pl/maps/search/51.89931,+19.705168/@51.89931,19.70516817z;51.89931;19.705168
1155;RADOMSKO;97-500;Radomsko;ul. Krakowska 20;no;1155@shellpl.pl;571303101;571303102;pokaż na mapie;;;;;https://maps.google.pl/maps/search/51.05411,+19.44109/@51.05411,19.4410917z;51.05411;19.44109
1201;KIELECKA;26-600;Radom;ul. Kielecka 82;Yes;1201@shellpl.pl;571409425;;pokaż na mapie;;;;;https://maps.google.pl/maps/search/51.397676,+21.108508/@51.397676,21.10850817z;51.397676;21.108508
1209;GÓZD;26-806;Stara Błotnica;Stary Gózd 89 A;Yes;1209@shellpl.pl;571409423;;pokaż na mapie;;;;;https://maps.google.pl/maps/search/51.570735,+21.02029/@51.570735,21.0202917z;51.570735;21.02029
1210;ŻDŻARY GUSTAW;26-806;Stara Błotnica;Stare Żdżary 80 A;yes;1210@shellpl.pl;571409422;;pokaż na mapie;;;;;https://maps.google.pl/maps/search/51.542115,+21.059729/@51.542115,21.05972917z;51.542115;21.059729
1215;PRZYJMY;07-308;Poręba;Przyjmy 100;yes;1215@shellpl.pl;296459282;296459282;pokaż na mapie;;;;;https://maps.google.pl/maps/search/52.713377,+21.694926/@52.713377,21.69492617z;52.713377;21.694926
1218;PŁOCK;09-400;Płock;ul. Przemysłowa 5;no;1218@shellpl.pl;518246202;;pokaż na mapie;;;;;https://maps.google.pl/maps/search/52.556473,+19.694403/@52.556473,19.69440317z;52.556473;19.694403
1301;TEREBELSKA;21-500;Biała Podlaska;ul. Terebelska 75;Yes;1301@shellpl.pl;571450034;571303011;pokaż na mapie;;;;;https://maps.google.pl/maps/search/52.049465,+23.108191/@52.049465,23.10819117z;52.049465;23.108191
1401;LUBLIN PZMOT;20-147;Lublin;ul. B Prusa 8;no;1401@shellpl.pl;511828841;;pokaż na mapie;;;;;https://maps.google.pl/maps/search/51.253525,+22.562385/@51.253525,22.56238517z;51.253525;22.562385
1402;Lublin Spółdzielcza;20-147;Lublin;ul. Spółdzielczosci Pracy 43;yes;1402@shellpl.pl;511829016;;pokaż na mapie;;;;;https://maps.google.pl/maps/search/51.26455,+22.573375/@51.26455,22.57337517z;51.26455;22.573375
1409;KRAŚNIK;23-200;Kraśnik;ul. Lubelska 2;Yes;1409@shellpl.pl;511835109;511835136;pokaż na mapie;;;;;https://maps.google.pl/maps/search/50.929714,+22.253548/@50.929714,22.25354817z;50.929714;22.253548
1418;JORDANA;22-100;Chełm;ul. Henryka Jordana 25;yes;1418@shellpl.pl;571303129;;pokaż na mapie;;;;;https://maps.google.pl/maps/search/51.133885,+23.463698/@51.133885,23.46369817z;51.133885;23.463698
1502;BIŁGORAJ;23-400;Biłgoraj;ul. Tarnogrodzka 23;No;1502@shellpl.pl;511793189;511793196;pokaż na mapie;;;;;https://maps.google.pl/maps/search/50.516381,+22.716143/@50.516381,22.71614317z;50.516381;22.716143
1504;ZAMOŚĆ HETMAN;22-400;Zamość;ul. Jana Pawła II 6a;yes;1504@shellpl.pl;514991295;;pokaż na mapie;;;;;https://maps.google.pl/maps/search/50.709905,+23.28519/@50.709905,23.2851917z;50.709905;23.28519
1601;BIAŁYSTOK;15-399;Białystok;ul. Składowa 9;No;1601@shellpl.pl;511846549;511846629;pokaż na mapie;;;;;https://maps.google.pl/maps/search/53.11782,+23.126999/@53.11782,23.12699917z;53.11782;23.126999
1603;BRANICKI;15-085;Białystok;ul. Branickiego 31;Yes;1603@shellpl.pl;511846734;511846924;pokaż na mapie;;;;;https://maps.google.pl/maps/search/53.125482,+23.183684/@53.125482,23.18368417z;53.125482;23.183684
1608;AUGUSTÓW;16-300;Augustów;ul. Wojska Polskiego 74;Yes;1608@shellpl.pl;511121091;511834405;pokaż na mapie;;;;;https://maps.google.pl/maps/search/53.827737,+22.949817/@53.827737,22.94981717z;53.827737;22.949817
1704;OLSZTYN WILCZYŃSKA  ;10-686 ;Olsztyn;ul. Wilczyńskiego 31;yes;1704@shellpl.pl;514876565;514837070;pokaż na mapie;;;;;https://maps.google.pl/maps/search/53.739752,+20.4877/@53.739752,20.487717z;53.739752;20.4877
1708;OSTRÓDA;14-100;Ostróda;ul. Plebiscytowa 3;yes;1708@shellpl.pl;514896565;514895289;pokaż na mapie;;;;;https://maps.google.pl/maps/search/53.70899,+19.978622/@53.70899,19.97862217z;53.70899;19.978622
1709;WITRAMOWO;11-015;Olsztynek;Witramowo 30;Yes;1709@shellpl.pl;514896543;514867857;pokaż na mapie;;;;;https://maps.google.pl/maps/search/53.4811,+20.320094/@53.4811,20.32009417z;53.4811;20.320094
2001;CTO;80-369;Gdańsk;Al. Rzeczpospolitej 8;No;2001@shellpl.pl;511834887;;pokaż na mapie;;;;;https://maps.google.pl/maps/search/54.400844,+18.5917/@54.400844,18.591717z;54.400844;18.5917
2002;KLIF;81-545;Gdynia;Al. Zwycięstwa 260;no;2002@shellpl.pl;511836179;;pokaż na mapie;;;;;https://maps.google.pl/maps/search/54.472868,+18.553736/@54.472868,18.55373617z;54.472868;18.553736
2003;MIRAMAR;81-861;Sopot;ul. Niepodleglości 897;No;2003@shellpl.pl;511835790;;pokaż na mapie;;;;;https://maps.google.pl/maps/search/54.459283,+18.555012/@54.459283,18.55501217z;54.459283;18.555012
2004;WEJHEROWO;84-200;Wejherowo;ul. Brygady Pancernej W.P 30;yes;2004@shellpl.pl;511834254;;pokaż na mapie;;;;;https://maps.google.pl/maps/search/54.604274,+18.251343/@54.604274,18.25134317z;54.604274;18.251343
2006;MORSKA;81-225 ;Gdynia;ul. Morska 58;no;2006@shellpl.pl;511836534;;pokaż na mapie;;;;;https://maps.google.pl/maps/search/54.526776,+18.512601/@54.526776,18.51260117z;54.526776;18.512601
2008;OPACKA;80-320;Gdańsk;ul. Grunwaldzka 560;No;2008@shellpl.pl;511835824;;pokaż na mapie;;;;;https://maps.google.pl/maps/search/54.415823,+18.565561/@54.415823,18.56556117z;54.415823;18.565561
2010;KARWINY;81-571;Gdynia;ul. Chwaszczyńska 10;No;2010@shellpl.pl;511836539;;pokaż na mapie;;;;;https://maps.google.pl/maps/search/54.471375,+18.491149/@54.471375,18.49114917z;54.471375;18.491149
2012;ELTOR;80-017;Gdańsk;ul. Trakt Św. Wojciecha 223;no;2012@shellpl.pl;571303032;;pokaż na mapie;;;;;https://maps.google.pl/maps/search/54.314539,+18.62969/@54.314539,18.6296917z;54.314539;18.62969
2013;NOWA HOLANDIA;82-310;Elbląg;Nowe Pole 1C ;Yes;2013@shellpl.pl;511830469;;pokaż na mapie;;;;;https://maps.google.pl/maps/search/54.13713,+19.413711/@54.13713,19.41371117z;54.13713;19.413711
2015;OBWODNICA;80-298;Gdańsk;ul. Złota Karczma;yes;2015@shellpl.pl;511836056;;pokaż na mapie;;;;;https://maps.google.pl/maps/search/54.36679,+18.519301/@54.36679,18.51930117z;54.36679;18.519301
2016;PLATYNOWA;80-041;Gdańsk;ul. Świętokrzyska 1;no;2016@shellpl.pl;571303034;;pokaż na mapie;;;;;https://maps.google.pl/maps/search/54.326648,+18.610105/@54.326648,18.61010517z;54.326648;18.610105
2024;PORT;81-335;Gdynia;ul. J.Wiśniewskiego 19a;no;2024@shellpl.pl;511836549;;pokaż na mapie;;;;;https://maps.google.pl/maps/search/54.529023,+18.513663/@54.529023,18.51366317z;54.529023;18.513663
2029;GÓRKA ŁOSTOWICKA;80-121;Gdańsk;ul. Łostowicka 4;Yes;2029@shellpl.pl;571303035;;pokaż na mapie;;;;;https://maps.google.pl/maps/search/54.346164,+18.604242/@54.346164,18.60424217z;54.346164;18.604242
2030;HUTNICZA;81-038;Gdynia;ul. Hutnicza 35;yes;2030@shellpl.pl;511834413;;pokaż na mapie;;;;;https://maps.google.pl/maps/search/54.550388,+18.454585/@54.550388,18.45458517z;54.550388;18.454585
2034;PUCK HELSKA;84-100;Puck;ul. Helska 14;no;2034@shellpl.pl;515034901;;pokaż na mapie;;;;;https://maps.google.pl/maps/search/54.724199,+18.393295/@54.724199,18.39329517z;54.724199;18.393295
2035;MUPPET;80-807;Gdańsk;ul. Płk. Jana Pałubickiego 12 ;No;2035@shellpl.pl;571303127;;pokaż na mapie;;;;;https://maps.google.pl/maps/search/54.339349,+18.554664/@54.339349,18.55466417z;54.339349;18.554664
2036;Gdansk Marynarki Polskiej;80-557;Gdansk;Marynarki Polskiej 98A;yes;2036@shellpl.pl;571303065;;pokaż na mapie;;;;;https://maps.google.pl/maps/search/54.384664,+18.641393/@54.384664,18.64139317z;54.384664;18.641393
2101;ŚW.TRÓJCY;85-224;Bydgoszcz;ul. Św. Trójcy 34;No;2101@shellpl.pl;511823738;;pokaż na mapie;;;;;https://maps.google.pl/maps/search/53.125464,+17.989104/@53.125464,17.98910417z;53.125464;17.989104
2102;FORDOŃSKA;85-739;Bydgoszcz;ul. Fordońska 97;Yes;2102@shellpl.pl;511835419;;pokaż na mapie;;;;;https://maps.google.pl/maps/search/53.121287,+18.058224/@53.121287,18.05822417z;53.121287;18.058224
2106;MAGNUSZEWSKA;85-171;Bydgoszcz;ul. Wojska Polskiego 12;No;2106@shellpl.pl;511835429;;pokaż na mapie;;;;;https://maps.google.pl/maps/search/53.1076,+18.036745/@53.1076,18.03674517z;53.1076;18.036745
2109;ŻARÓWA;64-920;Piła;al. Powstańców Wielkopolskich ;yes;2109@shellpl.pl;508500746;;pokaż na mapie;;;;;https://maps.google.pl/maps/search/53.160767,+16.756114/@53.160767,16.75611417z;53.160767;16.756114
2115;TRZECIEWIEC;86-022;Dobrcz;Trzeciewiec 33A;yes;2115@shellpl.pl;511835451;;pokaż na mapie;;;;;https://maps.google.pl/maps/search/53.270013,+18.195505/@53.270013,18.19550517z;53.270013;18.195505
2117;MAKOWISKA;86-050;Solec Kujawski;Makowiska 35;yes;2117@shellpl.pl;523871508;523871508;pokaż na mapie;;;;;https://maps.google.pl/maps/search/53.062856,+18.17379/@53.062856,18.1737917z;53.062856;18.17379
2118;BRZOZA;86-061;Brzoza;ul. Bydgoska 15a przy drodze nr 25;yes;2118@shellpl.pl;781171755;781171755;pokaż na mapie;;;;;https://maps.google.pl/maps/search/53.044722,+18.003094/@53.044722,18.00309417z;53.044722;18.003094
2119;BIAŁE BŁOTA;86-005 ;Białe Błota;ul.Nizinna 1;Yes;2119@shellpl.pl;511835654;;pokaż na mapie;;;;;https://maps.google.pl/maps/search/53.088103,+17.903944/@53.088103,17.90394417z;53.088103;17.903944
2120;ZŁAWIEŚ WIELKA;87-134;Zławieś Wielka;Droga Krajowa 80;Yes;2120@shellpl.pl;571303060;;pokaż na mapie;;;;;https://maps.google.pl/maps/search/53.09204,+18.331954/@53.09204,18.33195417z;53.09204;18.331954
2122;PODGAJE;64-965 ;Podgaje;ul. Poznańska 6;yes;2122@shellpl.pl;508500282;;pokaż na mapie;;;;;https://maps.google.pl/maps/search/53.475877,+16.880729/@53.475877,16.88072917z;53.475877;16.880729
2123;GWIAZDA GRUNWALDZKA;85-451;Bydgoszcz;ul. Grunwaldzka 203;no;2123@shellpl.pl;571303067;;pokaż na mapie;;;;;https://maps.google.pl/maps/search/53.13727,+17.956357/@53.13727,17.95635717z;53.13727;17.956357
2124;INOWROCŁAW;88-100;Inowrocław;ul. Toruńska 181;yes;2124@shellpl.pl;571303068;;pokaż na mapie;;;;;https://maps.google.pl/maps/search/52.804957,+18.272597/@52.804957,18.27259717z;52.804957;18.272597
2201;TCZEW;83-110 ;Tczew;Al. Solidarności 6;Yes;2201@shellpl.pl;571303036;;pokaż na mapie;;;;;https://maps.google.pl/maps/search/54.092718,+18.778703/@54.092718,18.77870317z;54.092718;18.778703
2204;OLESNO KLUCZBORSKA  ;46-300 ;Olesno;ul. Kluczborska 41;yes;2204@shellpl.pl;571303083;;pokaż na mapie;;;;;https://maps.google.pl/maps/search/50.883282,+18.406423/@50.883282,18.40642317z;50.883282;18.406423
2209;OLSZE WSCHÓD;83-130;Pelplin;Autostrada A1 42km kier. Gdańsk;yes;2209@shellpl.pl;664474718;600537908;pokaż na mapie;;;;;https://maps.google.pl/maps/search/53.887092,+18.630538/@53.887092,18.63053817z;53.887092;18.630538
2210;OLSZE ZACHÓD;83-130;Pelplin;Autostrada A1 42km kier. Łódź;yes;2210@shellpl.pl;664474728;664474728;pokaż na mapie;;;;;https://maps.google.pl/maps/search/53.888394,+18.630323/@53.888394,18.63032317z;53.888394;18.630323
2211;KOSZALIN BLIŹNIAK;75-436;Koszalin;ul. Rolna 16;no;2211@shellpl.pl;511841043;;pokaż na mapie;;;;;https://maps.google.pl/maps/search/54.206514,+16.206636/@54.206514,16.20663617z;54.206514;16.206636
2301;DĄBKA;82-300;Elbląg;ul. Pułkownika Dąbka 132;No;2301@shellpl.pl;511831249;;pokaż na mapie;;;;;https://maps.google.pl/maps/search/54.178895,+19.405509/@54.178895,19.40550917z;54.178895;19.405509
2401;FORMIT;86-300;Grudziądz;ul. Hallera 2;No;2401@shellpl.pl;571303224;571303225;pokaż na mapie;;;;;https://maps.google.pl/maps/search/53.485068,+18.753362/@53.485068,18.75336217z;53.485068;18.753362
2402;SPORTOWA;82-500 ;Kwidzyn;ul. Sportowa 4 ;yes;2402@shellpl.pl;571303226;;pokaż na mapie;;;;;https://maps.google.pl/maps/search/53.722552,+18.931975/@53.722552,18.93197517z;53.722552;18.931975
2405;GRUDZIĄDZ ŚREDNICA;86-300;Grudziądz;ul. Łyskowskiego;no;2405@shellpl.pl;571303239;;pokaż na mapie;;;;;https://maps.google.pl/maps/search/53.491298,+18.779529/@53.491298,18.77952917z;53.491298;18.779529
2503;TORAK;87-100;Toruń;ul. Grudziądzka 120;No;2503@shellpl.pl;571303061;;pokaż na mapie;;;;;https://maps.google.pl/maps/search/53.030381,+18.611194/@53.030381,18.61119417z;53.030381;18.611194
2507;KOŚCIUSZKI;87-101;Toruń;ul. Kościuszki 76;no;2507@shellpl.pl;571303062;;pokaż na mapie;;;;;https://maps.google.pl/maps/search/53.024511,+18.62681/@53.024511,18.6268117z;53.024511;18.62681
2508;MIKOŁAJ;87-100;Toruń;ul. Plac Armii Krajowej 1A;no;2508@shellpl.pl;571303063;;pokaż na mapie;;;;;https://maps.google.pl/maps/search/52.998505,+18.604918/@52.998505,18.60491817z;52.998505;18.604918
2509;LUBIN     ;59-300 ;Lubin ;ul. Paderewskiego 88;no;2509@shellpl.pl;571303026;;pokaż na mapie;;;;;https://maps.google.pl/maps/search/51.391233,+16.208482/@51.391233,16.20848217z;51.391233;16.208482
2510;TORUŃ SZOSA         ;87-100 ;Toruń;ul. Szosa Lubicka 1-17;yes;2510@shellpl.pl;571303064;;pokaż na mapie;;;;;https://maps.google.pl/maps/search/53.019172,+18.640226/@53.019172,18.64022617z;53.019172;18.640226
2601;SEZAMOR;76-200;Słupsk;ul. Szczecińska 58b;No;2601@shellpl.pl;511838142;;pokaż na mapie;;;;;https://maps.google.pl/maps/search/54.456755,+16.990517/@54.456755,16.99051717z;54.456755;16.990517
2603;SŁUPSKA      ;84-300 ;Lębork;ul. Słupska 26 ;yes;2603@shellpl.pl;511838217;;pokaż na mapie;;;;;https://maps.google.pl/maps/search/54.526645,+17.738049/@54.526645,17.73804917z;54.526645;17.738049
2702;SYRENKA;75-123;Koszalin;ul. Syrenki;yes;2702@shellpl.pl;511841394;;pokaż na mapie;;;;;https://maps.google.pl/maps/search/54.182694,+16.150712/@54.182694,16.15071217z;54.182694;16.150712
2704;MONTE;75-412;Koszalin;al. Monte Cassino 24;yes;2704@shellpl.pl;511841436;;pokaż na mapie;;;;;https://maps.google.pl/maps/search/54.195249,+16.173259/@54.195249,16.17325917z;54.195249;16.173259
2801;WOLF;11-400;Kętrzyn;ul. Mazowiecka 17;Yes;2801@shellpl.pl;514849393;514893789;pokaż na mapie;;;;;https://maps.google.pl/maps/search/54.076425,+21.401002/@54.076425,21.40100217z;54.076425;21.401002
2901;KRAJ;99-300;Kutno;ul. Papieża Jana Pawla II 1b;no;2901@shellpl.pl;511830443;;pokaż na mapie;;;;;https://maps.google.pl/maps/search/52.2311,+19.365101/@52.2311,19.36510117z;52.2311;19.365101
3001;TOSZECKA;44-100;Gliwice;ul. Toszecka 135;Yes;3001@shellpl.pl;511842457;;pokaż na mapie;;;;;https://maps.google.pl/maps/search/50.324281,+18.66134/@50.324281,18.6613417z;50.324281;18.66134
3002;RYBNICKA;44-100;Gliwice;ul. Rybnicka 159;Yes;3002@shellpl.pl;511842579;511842635;pokaż na mapie;;;;;https://maps.google.pl/maps/search/50.273106,+18.661695/@50.273106,18.66169517z;50.273106;18.661695
3004;SOBIESKIEGO;41-300;Dąbrowa Górnicza;ul. Sobieskiego;No;3004@shellpl.pl;511821245;;pokaż na mapie;;;;;https://maps.google.pl/maps/search/50.323022,+19.166744/@50.323022,19.16674417z;50.323022;19.166744
3005;PIŁSUDSKIEGO;41-200;Sosnowiec;ul. Kresowa 2;Yes;3005@shellpl.pl;511843615;511843619;pokaż na mapie;;;;;https://maps.google.pl/maps/search/50.284955,+19.103765/@50.284955,19.10376517z;50.284955;19.103765
3007;WESTERPLATTE;41-710;Ruda Śląska;ul. Obrońców Westerplatte 22;No;3007@shellpl.pl;571303274;;pokaż na mapie;;;;;https://maps.google.pl/maps/search/50.275275,+18.870971/@50.275275,18.87097117z;50.275275;18.870971
3009;CENTROSTAL;40-610;Katowice;ul. Kościuszki 231;Yes;3009@shellpl.pl;571303051;;pokaż na mapie;;;;;https://maps.google.pl/maps/search/50.22308,+18.988189/@50.22308,18.98818917z;50.22308;18.988189
3010;FABRYCZNA;40-608;Katowice;ul. Kościuszki/Lechicka;Yes;3010@shellpl.pl;571303052;;pokaż na mapie;;;;;https://maps.google.pl/maps/search/50.218676,+18.984166/@50.218676,18.98416617z;50.218676;18.984166
3011;PSZCZYNA;43-200;Pszczyna;ul. Bielska;No;3011@shellpl.pl;571303074;571303075;pokaż na mapie;;;;;https://maps.google.pl/maps/search/49.96999,+18.945199/@49.96999,18.94519917z;49.96999;18.945199
3012;ŻORY;44-240;Żory;Al. Zjednoczonej Europy 25;No;3012@shellpl.pl;571303076;571303077;pokaż na mapie;;;;;https://maps.google.pl/maps/search/50.033541,+18.690019/@50.033541,18.69001917z;50.033541;18.690019
3013;ŁAZISKA;43-170;Łaziska Górne;ul. Klonowa 1;Yes;3013@shellpl.pl;571303054;;pokaż na mapie;;;;;https://maps.google.pl/maps/search/50.158082,+18.847604/@50.158082,18.84760417z;50.158082;18.847604
3014;SZEJK;41-219;Sosnowiec;ul. Braci Mieroszewskich;No;3014@shellpl.pl;511843671;511843764;pokaż na mapie;;;;;https://maps.google.pl/maps/search/50.31349,+19.19451/@50.31349,19.1945117z;50.31349;19.19451
3015;BIELSKA;43-100;Tychy;ul. Beskidzka ;Yes;3015@shellpl.pl;511798516;;pokaż na mapie;;;;;https://maps.google.pl/maps/search/50.137388,+19.024978/@50.137388,19.02497817z;50.137388;19.024978
3016;BYTOMSKA;41-500;Chorzów;ul. 3 Maja 199;No;3016@shellpl.pl;322410203;322410203;pokaż na mapie;;;;;https://maps.google.pl/maps/search/50.304482,+18.919986/@50.304482,18.91998617z;50.304482;18.919986
3017;RENAULT;41-804;Zabrze;ul. Wolności 57;Yes;3017@shellpl.pl;511818546;;pokaż na mapie;;;;;https://maps.google.pl/maps/search/50.305185,+18.743861/@50.305185,18.74386117z;50.305185;18.743861
3018;KOŃCOWA;41-800 ;Zabrze;ul. Wolności 384;No;3018@shellpl.pl;511818561;;pokaż na mapie;;;;;https://maps.google.pl/maps/search/50.298448,+18.800193/@50.298448,18.80019317z;50.298448;18.800193
3019;SZPITAL;41-253;Czeladź;ul. Spacerowa 1d;Yes;3019@shellpl.pl;511821517;;pokaż na mapie;;;;;https://maps.google.pl/maps/search/50.30219,+19.113529/@50.30219,19.11352917z;50.30219;19.113529
3020;MIKOŁOWSKA;40-074;Katowice;ul. Mikołowska 23A;no;3020@shellpl.pl;571303056;;pokaż na mapie;;;;;https://maps.google.pl/maps/search/50.254568,+19.010046/@50.254568,19.01004617z;50.254568;19.010046
3021;SILESIA;41-400;Mysłowice;ul. Katowicka;no;3021@shellpl.pl;511820943;;pokaż na mapie;;;;;https://maps.google.pl/maps/search/50.247075,+19.124038/@50.247075,19.12403817z;50.247075;19.124038
3022;WITCZAKA;41-902;Bytom;ul. Krakowska 27/31;No;3022@shellpl.pl;511796245;;pokaż na mapie;;;;;https://maps.google.pl/maps/search/50.345621,+18.929518/@50.345621,18.92951817z;50.345621;18.929518
3023;CHRZANÓW;32-500;Chrzanów;ul. Trzebińska 72;No;3023@shellpl.pl;571303148;;pokaż na mapie;;;;;https://maps.google.pl/maps/search/50.14403,+19.418126/@50.14403,19.41812617z;50.14403;19.418126
3024;SZOPA;41-219;Sosnowiec;ul. Lenartowicza/ S1;Yes;3024@shellpl.pl;511821257;;pokaż na mapie;;;;;https://maps.google.pl/maps/search/50.292057,+19.217382/@50.292057,19.21738217z;50.292057;19.217382
3025;MACRO;41-219;Sosnowiec;al. Zagłębia Dąbrowskiego 21;Yes;3025@shellpl.pl;511845217;511845324;pokaż na mapie;;;;;https://maps.google.pl/maps/search/50.312662,+19.187448/@50.312662,19.18744817z;50.312662;19.187448
3031;JASTRZĘBIE MARKET;44-335;Jastrzębie Zdrój;ul. Cieszyńska 9;no;3031@shellpl.pl;571303078;571303079;pokaż na mapie;;;;;https://maps.google.pl/maps/search/49.939372,+18.59295/@49.939372,18.5929517z;49.939372;18.59295
3032;MAX;44-300;Wodzisław Śląski;Osiedle Dąbrówki 1A;No;3032@shellpl.pl;511792894;;pokaż na mapie;;;;;https://maps.google.pl/maps/search/50.006719,+18.447343/@50.006719,18.44734317z;50.006719;18.447343
3034;WODZISŁAW RYBNICKA;44-300;Wodzisław Śląski;ul. Rybnicka 15;yes;3034@shellpl.pl;511793278;;pokaż na mapie;;;;;https://maps.google.pl/maps/search/50.016681,+18.477319/@50.016681,18.47731917z;50.016681;18.477319
3035;WOJSKA POLSKIEGO ;41-500 ;Chorzów;Al. Wojska Polskiego 22;no;3035@shellpl.pl;511805942;;pokaż na mapie;;;;;https://maps.google.pl/maps/search/50.286871,+18.965535/@50.286871,18.96553517z;50.286871;18.965535
3037;GLIWICE PSZCZYŃSKA  ;44-100 ;Gliwice;ul. Pszczyńska 111;yes;3037@shellpl.pl;511842673;;pokaż na mapie;;;;;https://maps.google.pl/maps/search/50.283519,+18.681607/@50.283519,18.68160717z;50.283519;18.681607
3038;LIGOCKA    ;40-568 ;Katowice;ul. Ligocka 125;no;3038@shellpl.pl;571303057;;pokaż na mapie;;;;;https://maps.google.pl/maps/search/50.233454,+18.975529/@50.233454,18.97552917z;50.233454;18.975529
3039;KATOWICE ROZDZIEŃSKIEGO;40-315 ;Katowice;ul. Rozdzieńskiego 210 ;yes;3039@shellpl.pl;511821039;;pokaż na mapie;;;;;https://maps.google.pl/maps/search/50.271448,+19.066048/@50.271448,19.06604817z;50.271448;19.066048
3040;MIKOŁÓW PSZCZYŃSKA;43-190 ;Mikołów;ul. Pszczyńska 24;no ;3040@shellpl.pl;511798704;;pokaż na mapie;;;;;https://maps.google.pl/maps/search/50.166182,+18.903759/@50.166182,18.90375917z;50.166182;18.903759
3041;OPAWSKA    ;47-400 ;Racibórz;ul. Opawska 119;yes;3041@shellpl.pl;511793659;;pokaż na mapie;;;;;https://maps.google.pl/maps/search/50.081007,+18.200634/@50.081007,18.20063417z;50.081007;18.200634
3042;TYCHY OŚWIĘCIMSKA   ;43-100 ;Tychy;ul. Oświęcimska 25;yes;3042@shellpl.pl;511798754;;pokaż na mapie;;;;;https://maps.google.pl/maps/search/50.130132,+18.997126/@50.130132,18.99712617z;50.130132;18.997126
3043;ZABRZE PLAC TEATRALNY   ;41-800  ;Zabrze;Plac Teatralny 6;no;3043@shellpl.pl;511819508;;pokaż na mapie;;;;;https://maps.google.pl/maps/search/50.309916,+18.786305/@50.309916,18.78630517z;50.309916;18.786305
3044;KOŚCIUSZKI;44-240 ;Żory;ul. Kościuszki 90;yes;3044@shellpl.pl;571303081;571303082;pokaż na mapie;;;;;https://maps.google.pl/maps/search/50.03065,+18.703671/@50.03065,18.70367117z;50.03065;18.703671
3045;BUDOWLANYCH;43-100;Tychy;ul. Budowlanych 63;no;3045@shellpl.pl;511799632;;pokaż na mapie;;;;;https://maps.google.pl/maps/search/50.127008,+18.974563/@50.127008,18.97456317z;50.127008;18.974563
3050;KATOWICE JANKEGO;40-546;Katowice;ul. Jankego 15C;no;3050@shellpl.pl;571303058;;pokaż na mapie;;;;;https://maps.google.pl/maps/search/50.220533,+18.990112/@50.220533,18.99011217z;50.220533;18.990112
3053;BUDOWLANYCH;44-217;Rybnik;ul. Budowlanych 72;no;3053@shellpl.pl;511795621;;pokaż na mapie;;;;;https://maps.google.pl/maps/search/50.101628,+18.515579/@50.101628,18.51557917z;50.101628;18.515579
3054;KATOWICE TRIGRANIT;40-546;Katowice;ul. Ściegiennego 58;no;3054@shellpl.pl;571303269;;pokaż na mapie;;;;;https://maps.google.pl/maps/search/50.272014,+19.008102/@50.272014,19.00810217z;50.272014;19.008102
3056;GLIWICE PEGAS;44-100;Gliwice;ul. Tarnogórska 163;no;3056@shellpl.pl;511842686;;pokaż na mapie;;;;;https://maps.google.pl/maps/search/50.315627,+18.693506/@50.315627,18.69350617z;50.315627;18.693506
3060;WARSZOWICE EXPRES;43-254;Warszowice;ul. Cieszyńska 9;yes;3060@shellpl.pl;667001104;;pokaż na mapie;;;;;https://maps.google.pl/maps/search/49.97619,+18.717517/@49.97619,18.71751717z;49.97619;18.717517
3061;RYBNIK RONDO ;44-200;Rybnik;ul.Chwałowicka 1;no;3061@shellpl.pl;511796192;;pokaż na mapie;;;;;https://maps.google.pl/maps/search/50.08679,+18.545995/@50.08679,18.54599517z;50.08679;18.545995
3064;TARNOWSKIE GÓRY;42-600;Tarnowskie Góry;ul. Zagórska;no;3064@shellpl.pl;884844474;884844474;pokaż na mapie;;;;;https://maps.google.pl/maps/search/50.453877,+18.836542/@50.453877,18.83654217z;50.453877;18.836542
3065;MIKOŁAJ;41-200;Sosnowiec;ul. Mikołajczyka 31B;Yes;3065@shellpl.pl;511845391;511845427;pokaż na mapie;;;;;https://maps.google.pl/maps/search/50.263435,+19.148381/@50.263435,19.14838117z;50.263435;19.148381
3067;HALEMBA;41-706;Ruda Śląska;Aleja Piastów Śląskich 11;yes;3067@shellpl.pl;797001244;504197765;pokaż na mapie;;;;;https://maps.google.pl/maps/search/50.251609,+18.880713/@50.251609,18.88071317z;50.251609;18.880713
3068;WIREK;41-710;Ruda Śląska;Aleja Piastów Śląskich 10;yes;3068@shellpl.pl;797001246;504197772;pokaż na mapie;;;;;https://maps.google.pl/maps/search/50.252707,+18.881721/@50.252707,18.88172117z;50.252707;18.881721
3082;JAWORZNO WSPÓŁPRACY;43-600;Jaworzno;ul. Krakowska 66;yes;3082@shellpl.pl;571303149;;pokaż na mapie;;;;;https://maps.google.pl/maps/search/50.163787,+19.308937/@50.163787,19.30893717z;50.163787;19.308937
3083;JAWORZNO;43-600;Jaworzno;ul. Wojska Polskiego 2AE;yes;3083@shellpl.pl;690343233;;pokaż na mapie;;;;;https://maps.google.pl/maps/search/50.22375,+19.22807/@50.22375,19.2280717z;50.22375;19.22807
3103;KABEL;30-552;Kraków;ul. Wielicka 77;No;3103@shellpl.pl;511834625;;pokaż na mapie;;;;;https://maps.google.pl/maps/search/50.033441,+19.969352/@50.033441,19.96935217z;50.033441;19.969352
3104;ZAKOPIAŃSKA;30-418;Kraków;ul. Zakopiańska 48;No;3104@shellpl.pl;511814597;;pokaż na mapie;;;;;https://maps.google.pl/maps/search/50.02161,+19.933158/@50.02161,19.93315817z;50.02161;19.933158
3110;CONRADA;31-357;Kraków;ul. Conrada 36;no;3110@shellpl.pl;122901421;122901421;pokaż na mapie;;;;;https://maps.google.pl/maps/search/50.089533,+19.902747/@50.089533,19.90274717z;50.089533;19.902747
3112;KONOPNICKA;30-333;Kraków;ul. Marii Konopnickiej 78;no;3112@shellpl.pl;511816597;;pokaż na mapie;;;;;https://maps.google.pl/maps/search/50.040146,+19.937418/@50.040146,19.93741817z;50.040146;19.937418
3113;WITOSA;30-612;Kraków;ul. Witosa 20;no;3113@shellpl.pl;511834668;;pokaż na mapie;;;;;https://maps.google.pl/maps/search/50.01311,+19.960216/@50.01311,19.96021617z;50.01311;19.960216
3117;IKEA;31-357;Kraków;ul. Conrada 33;yes;3117@shellpl.pl;511814329;;pokaż na mapie;;;;;https://maps.google.pl/maps/search/50.088719,+19.901884/@50.088719,19.90188417z;50.088719;19.901884
3118;STOJAŁOWSKIEGO;30-611 ;Kraków;ul. Stojałowskiego 1;no;3118@shellpl.pl;511816625;511816645;pokaż na mapie;;;;;https://maps.google.pl/maps/search/50.006108,+19.945502/@50.006108,19.94550217z;50.006108;19.945502
3119;BRATYSŁAWSKA ;31-201 ;Kraków;ul. Bratysławska 1;no;3119@shellpl.pl;511814287;511814469;pokaż na mapie;;;;;https://maps.google.pl/maps/search/50.08498,+19.934413/@50.08498,19.93441317z;50.08498;19.934413
3126;JERZMANOWICE;32-048;Jerzmanowice;Gotkowice 84;yes;3126@shellpl.pl;503463328;508024203;pokaż na mapie;;;;;https://maps.google.pl/maps/search/50.222589,+19.742635/@50.222589,19.74263517z;50.222589;19.742635
3128;NIEPOŁOMICE;32-005;Niepołomice;ul. Stefana Batorego 25a;yes;3128@shellpl.pl;511834846;;pokaż na mapie;;;;;https://maps.google.pl/maps/search/50.040921,+20.221721/@50.040921,20.22172117z;50.040921;20.221721
3131;MIROWSKA;32-060;Liszki;Kryspinów 415;Yes;3131@shellpl.pl;519433438;519433438;pokaż na mapie;;;;;https://maps.google.pl/maps/search/50.041128,+19.806075/@50.041128,19.80607517z;50.041128;19.806075
3132;IGOŁOMSKA;31-988;Kraków;ul. Igołomska 34k;no;3132@shellpl.pl;519185036;;pokaż na mapie;;;;;https://maps.google.pl/maps/search/50.074741,+20.153904/@50.074741,20.15390417z;50.074741;20.153904
3201;HETMAŃSKA;35-078;Rzeszów;ul. Hetmańska 46;Yes;3201@shellpl.pl;511813683;571303172;pokaż na mapie;;;;;https://maps.google.pl/maps/search/50.020649,+21.993551/@50.020649,21.99355117z;50.020649;21.993551
3202;KRAKOWSKA;35-111;Rzeszów;ul. Krakowska;No;3202@shellpl.pl;571303182;511813925;pokaż na mapie;;;;;https://maps.google.pl/maps/search/50.052198,+21.971658/@50.052198,21.97165817z;50.052198;21.971658
3203;AWAL;35-210;Rzeszów;ul. Reymonta 3;No;3203@shellpl.pl;571303179;511813253;pokaż na mapie;;;;;https://maps.google.pl/maps/search/50.042658,+21.990257/@50.042658,21.99025717z;50.042658;21.990257
3205;LUBELSKA;35-241;Rzeszów;ul. Lubelska 4a;Yes;3205@shellpl.pl;511812237;571303184;pokaż na mapie;;;;;https://maps.google.pl/maps/search/50.050877,+22.002477/@50.050877,22.00247717z;50.050877;22.002477
3301;SZUJSKIEGO;33-100;Tarnów;ul. Szujskiego 16;No;3301@shellpl.pl;511842694;511842871;pokaż na mapie;;;;;https://maps.google.pl/maps/search/50.014579,+20.97474/@50.014579,20.9747417z;50.014579;20.97474
3302;NOWODĄBROWSKA;33-100;Tarnów;ul. Nowodąbrowska 139;No;3302@shellpl.pl;511842932;511843032;pokaż na mapie;;;;;https://maps.google.pl/maps/search/50.036012,+21.003199/@50.036012,21.00319917z;50.036012;21.003199
3306;DĘBICA NAGAWCZYNA;39-200;Nagawczyna;Dębica-Nagawczyna;yes;3306@shellpl.pl;511843147;511843164;pokaż na mapie;;;;;https://maps.google.pl/maps/search/50.055778,+21.454003/@50.055778,21.45400317z;50.055778;21.454003
3307;STACJA NOWY SĄCZ    ;33-300 ;Nowy Sącz;Al. Piłsudskiego 4;yes;3307@shellpl.pl;511821068;;pokaż na mapie;;;;;https://maps.google.pl/maps/search/49.616289,+20.717109/@49.616289,20.71710917z;49.616289;20.717109
3310;KROSNO;38-400;Krosno;ul. Zręcińska 2a;yes;3310@shellpl.pl;513528736;;pokaż na mapie;;;;;https://maps.google.pl/maps/search/49.691676,+21.732481/@49.691676,21.73248117z;49.691676;21.732481
3401;TARNOBRZEG;39-400;Tarnobrzeg;ul. Sikorskiego 21;No;3401@shellpl.pl;511835153;;pokaż na mapie;;;;;https://maps.google.pl/maps/search/50.578291,+21.679766/@50.578291,21.67976617z;50.578291;21.679766
3501;MANIFESTU LIP.;25-432;Kielce;al..Solidarności 26;No;3501@shellpl.pl;571409421;;pokaż na mapie;;;;;https://maps.google.pl/maps/search/50.879282,+20.649496/@50.879282,20.64949617z;50.879282;20.649496
3502;KIELCE-GRUNWALDZKA;25-736 ;Kielce;ul. Grunwaldzka 66;no;3502@shellpl.pl;571409424;571409426;pokaż na mapie;;;;;https://maps.google.pl/maps/search/50.876293,+20.595299/@50.876293,20.59529917z;50.876293;20.595299
3601;CZECHOWICE-DZIEDZICE;43-502;Czechowice Dziedzice;Trasa DK1 / ul. Węglowa;Yes;3601@shellpl.pl;511839883;511841622;pokaż na mapie;;;;;https://maps.google.pl/maps/search/49.92853,+18.991456/@49.92853,18.99145617z;49.92853;18.991456
3602;BIELCAR;43-300;Bielsko-Biała;ul. Warszawska 156;Yes;3602@shellpl.pl;511839976;511842036;pokaż na mapie;;;;;https://maps.google.pl/maps/search/49.84206,+19.036278/@49.84206,19.03627817z;49.84206;19.036278
3610;BIELSKO-BIAŁA II;43-346;Bielsko-Biała;ul. Daszyńskiego 54;Yes;3610@shellpl.pl;511840629;511842247;pokaż na mapie;;;;;https://maps.google.pl/maps/search/49.850028,+19.051339/@49.850028,19.05133917z;49.850028;19.051339
3611;CIESZYŃSKA;43-300;Bielsko-Biała;ul. Cieszyńska 160;no;3611@shellpl.pl;511840968;511842276;pokaż na mapie;;;;;https://maps.google.pl/maps/search/49.813327,+19.012544/@49.813327,19.01254417z;49.813327;19.012544
3619;ŚWIĘTOSZÓWKA;43-386;Świętoszówka;Świetoszówka 7;yes;3619@shellpl.pl;697909131;;pokaż na mapie;;;;;https://maps.google.pl/maps/search/49.804439,+18.890905/@49.804439,18.89090517z;49.804439;18.890905
3620;ZAKOPANE;34-500;Zakopane;ul. Tytusa Chałubińskiego 31;no;3620@shellpl.pl;571303136;;pokaż na mapie;;;;;https://maps.google.pl/maps/search/49.2885,+19.96954/@49.2885,19.9695417z;49.2885;19.96954
3621;ŻYWIEC RONDO;34-300 ;Żywiec;ul.Wesoła 70;Yes;3621@shellpl.pl;724773777;724773777;pokaż na mapie;;;;;https://maps.google.pl/maps/search/49.690648,+19.182838/@49.690648,19.18283817z;49.690648;19.182838
3622;KRYSZTAŁOWA;43-300 ;Bielsko-Biała;ul. Krausa 50;Yes;3622@shellpl.pl;511792841;;pokaż na mapie;;;;;https://maps.google.pl/maps/search/49.842231,+19.067085/@49.842231,19.06708517z;49.842231;19.067085
4001;ZAMENHOFA;61-139;Poznań;ul. Jana Pawla II 12;Yes;4001@shellpl.pl;511821987;;pokaż na mapie;;;;;https://maps.google.pl/maps/search/52.405247,+16.953345/@52.405247,16.95334517z;52.405247;16.953345
4003;BUŁGARSKA;60-378;Poznań;ul. Bułgarska 119;no;4003@shellpl.pl;511822143;;pokaż na mapie;;;;;https://maps.google.pl/maps/search/52.410558,+16.868289/@52.410558,16.86828917z;52.410558;16.868289
4009;PRZEŹMIEROWO;62-081 ;Przeźmierowo;ul. Poznańska 10 a;yes;4009@shellpl.pl;511824668;;pokaż na mapie;;;;;https://maps.google.pl/maps/search/52.435365,+16.775554/@52.435365,16.77555417z;52.435365;16.775554
4010;BRZEŹNO;62-025;Brzeźno;ul. Kostrzyńska 15;Yes;4010@shellpl.pl;511728569;;pokaż na mapie;;;;;https://maps.google.pl/maps/search/52.371112,+17.353978/@52.371112,17.35397817z;52.371112;17.353978
4014;JARYSZKI;62-023 ;Gądki;Jaryszki 1;Yes;4014@shellpl.pl;571303279;;pokaż na mapie;;;;;https://maps.google.pl/maps/search/52.333379,+17.019142/@52.333379,17.01914217z;52.333379;17.019142
4015;SANOCKA;61-144;Poznań;u. B. Krzywoustego 309;yes;4015@shellpl.pl;797123972;797123971;pokaż na mapie;;;;;https://maps.google.pl/maps/search/52.356824,+16.994423/@52.356824,16.99442317z;52.356824;16.994423
4016;OBORNICKA;60-689;Poznań;ul. Obornicka 337;yes;4016@shellpl.pl;511824833;;pokaż na mapie;;;;;https://maps.google.pl/maps/search/52.460157,+16.893405/@52.460157,16.89340517z;52.460157;16.893405
4017;SERBSKA;61-696;Poznań;Al. Solidarności 55;no;4017@shellpl.pl;511829618;;pokaż na mapie;;;;;https://maps.google.pl/maps/search/52.436038,+16.914482/@52.436038,16.91448217z;52.436038;16.914482
4018;DOLNA  WILDA;61-441;Poznań;ul. 28 czerwca 1956r. Nr 419;yes;4018@shellpl.pl;511825769;;pokaż na mapie;;;;;https://maps.google.pl/maps/search/52.358737,+16.905448/@52.358737,16.90544817z;52.358737;16.905448
4021;SWARZEDZ;62-020;Swarzędz;ul. Poznańska 8;yes;4021@shellpl.pl;511829704;;pokaż na mapie;;;;;https://maps.google.pl/maps/search/52.405224,+17.098905/@52.405224,17.09890517z;52.405224;17.098905
4022;KOSTRZYN II - kontener;69-113 ;Górzyca;Chyrzyno 1;Yes;4022@shellpl.pl;511837739;;pokaż na mapie;;;;;https://maps.google.pl/maps/search/52.574863,+14.64182/@52.574863,14.6418217z;52.574863;14.64182
4027;ŻABIKOWSKA    ;62-030 ;Luboń;ul. Żabikowska 68;Yes;4027@shellpl.pl;511822413;;pokaż na mapie;;;;;https://maps.google.pl/maps/search/52.350641,+16.881174/@52.350641,16.88117417z;52.350641;16.881174
4028;LECHICKA;61-691 ;Poznań;ul. Lechicka 2 ;yes;4028@shellpl.pl;511825992;;pokaż na mapie;;;;;https://maps.google.pl/maps/search/52.442879,+16.910083/@52.442879,16.91008317z;52.442879;16.910083
4029;WROCŁAWSKA;62-300 ;Września;ul. Wrocławska 1 a;yes;4029@shellpl.pl;511831292;;pokaż na mapie;;;;;https://maps.google.pl/maps/search/52.321006,+17.561173/@52.321006,17.56117317z;52.321006;17.561173
4033;SŁUPCA;62-400;Słupca;Wierzbocice 105;yes;4033@shellpl.pl;511831374;;pokaż na mapie;;;;;https://maps.google.pl/maps/search/52.250134,+17.821427/@52.250134,17.82142717z;52.250134;17.821427
4037;JANIKOWO;62-006;Wierzenica;ul. Gnieźnieńska 1;yes;4037@shellpl.pl;511829814;;pokaż na mapie;;;;;https://maps.google.pl/maps/search/52.44045,+17.056913/@52.44045,17.05691317z;52.44045;17.056913
4038;POLPETROL;25-736 ;Kiełczewo;ul. Poznańska 99;no;4038@shellpl.pl;655121192;655121192;pokaż na mapie;;;;;https://maps.google.pl/maps/search/52.096831,+16.659179/@52.096831,16.65917917z;52.096831;16.659179
4041;MALTA;61-245;Poznań;Ul. Abp.Baraniaka 100;yes;4041@shellpl.pl;511823014;;pokaż na mapie;;;;;https://maps.google.pl/maps/search/52.399872,+16.968861/@52.399872,16.96886117z;52.399872;16.968861
4044;GNIEZNO PIAST;62-200;Gniezno;ul. Sobieskiego 19;no;4044@shellpl.pl;571303066;;pokaż na mapie;;;;;https://maps.google.pl/maps/search/52.537069,+17.60896/@52.537069,17.6089617z;52.537069;17.60896
4045;BOGDANOWO;64-600;Oborniki Wlkp.;BOGDANOWO;yes;4045@shellpl.pl;511820891;;pokaż na mapie;;;;;https://maps.google.pl/maps/search/52.618423,+16.812515/@52.618423,16.81251517z;52.618423;16.812515
4047;KONIN PICANTO;62-510;Konin;ul. Poznańska 48A;yes;4047@shellpl.pl;632491517;6322491517;pokaż na mapie;;;;;https://maps.google.pl/maps/search/52.226822,+18.239654/@52.226822,18.23965417z;52.226822;18.239654
4049;BUŁAWA;61-514;Poznań;ul. R. Traugutta 1/3;no;4049@shellpl.pl;511823354;;pokaż na mapie;;;;;https://maps.google.pl/maps/search/52.386251,+16.912041/@52.386251,16.91204117z;52.386251;16.912041
4053;CHOPINA;62-510;Konin;ul. Chopina 32;no;4053@shellpl.pl;667667940;;pokaż na mapie;;;;;https://maps.google.pl/maps/search/52.233551,+18.247221/@52.233551,18.24722117z;52.233551;18.247221
4101;MIESZKA;71-007;Szczecin;ul. Mieszka I nr 29;yes;4101@shellpl.pl;571303104;;pokaż na mapie;;;;;https://maps.google.pl/maps/search/53.408425,+14.510536/@53.408425,14.51053617z;53.408425;14.510536
4102;GONTYNKA;71-630;Szczecin;ul. Sczanieckiej/1 Maja;no;4102@shellpl.pl;571303014;;pokaż na mapie;;;;;https://maps.google.pl/maps/search/53.442736,+14.564679/@53.442736,14.56467917z;53.442736;14.564679
4103;DRABINY;70-660;Szczecin;ul. Gdańska 10;no;4103@shellpl.pl;571303015;;pokaż na mapie;;;;;https://maps.google.pl/maps/search/53.411748,+14.578047/@53.411748,14.57804717z;53.411748;14.578047
4106;SŁONECZNA;70-777;Szczecin;ul. Jasna 15;no;4106@shellpl.pl;571303016;;pokaż na mapie;;;;;https://maps.google.pl/maps/search/53.380167,+14.651309/@53.380167,14.65130917z;53.380167;14.651309
4109;GRYF;70-001;Szczecin;ul. Południowa 9;yes;4109@shellpl.pl;571303105;;pokaż na mapie;;;;;https://maps.google.pl/maps/search/53.404108,+14.503487/@53.404108,14.50348717z;53.404108;14.503487
4110;KOŁBASKOWO;72-001;Kołbaskowo;Kołbaskowo 121;yes;4110@shellpl.pl;511832431;;pokaż na mapie;;;;;https://maps.google.pl/maps/search/53.337228,+14.424877/@53.337228,14.42487717z;53.337228;14.424877
4112;ŚWINOUJŚCIE;72-600 ;Świnoujście;ul. Nowokarsiborska 4-8;yes;4112@shellpl.pl;571303106;;pokaż na mapie;;;;;https://maps.google.pl/maps/search/53.899073,+14.234177/@53.899073,14.23417717z;53.899073;14.234177
4113;DERDOWSKIEGO;71-087 ;Szczecin;ul. Derdowskiego 6;no;4113@shellpl.pl;571303107;;pokaż na mapie;;;;;https://maps.google.pl/maps/search/53.425517,+14.499893/@53.425517,14.49989317z;53.425517;14.499893
4114;ENERGETYKÓW;70-656 ;Szczecin;ul. Energetyków 6;no;4114@shellpl.pl;571303017;;pokaż na mapie;;;;;https://maps.google.pl/maps/search/53.419539,+14.56396/@53.419539,14.5639617z;53.419539;14.56396
4115;WOJSKA POLSKIEGO ;70-491;Szczecin;Al. Wojska Polskiego 142;no;4115@shellpl.pl;571303108;;pokaż na mapie;;;;;https://maps.google.pl/maps/search/53.445369,+14.522504/@53.445369,14.52250417z;53.445369;14.522504
4118;STARGARD MARKET;73-100;Stargard Szczeciński;ul. Szczecińska 81;yes;4118@shellpl.pl;571303109;;pokaż na mapie;;;;;https://maps.google.pl/maps/search/53.34259,+14.990287/@53.34259,14.99028717z;53.34259;14.990287
4119;GOLENIÓW LOTNISKO;71-200;Goleniów;Żdżary 17H;yes;4119@shellpl.pl;511832636;;pokaż na mapie;;;;;https://maps.google.pl/maps/search/53.581303,+14.812261/@53.581303,14.81226117z;53.581303;14.812261
4126;GOLENIÓW II;71-200;Goleniów;Droga Krajowa S-3, Łozienica;Yes;4126@shellpl.pl;511833094;;pokaż na mapie;;;;;https://maps.google.pl/maps/search/53.545671,+14.801208/@53.545671,14.80120817z;53.545671;14.801208
4130;FIRE;70-893;Szczecin;ul. Szosa Stargradzka 37;yes;4130@shellpl.pl;571303146;;pokaż na mapie;;;;;https://maps.google.pl/maps/search/53.366636,+14.727924/@53.366636,14.72792417z;53.366636;14.727924
4131;SZCZECINEK;78-400;Szczecinek;ul. Koszalińska 84;yes;4131@shellpl.pl;508500350;;pokaż na mapie;;;;;https://maps.google.pl/maps/search/53.723643,+16.678705/@53.723643,16.67870517z;53.723643;16.678705
4134;EUROPEJSKA;71-026;Szczecin;ul. Dworska 8;no;4134@shellpl.pl;571303018;;pokaż na mapie;;;;;https://maps.google.pl/maps/search/53.420933,+14.500777/@53.420933,14.50077717z;53.420933;14.500777
4201;KALISKA;63-400;Ostrów Wielkopolski;ul. Kaliska 43;No;4201@shellpl.pl;511831862;;pokaż na mapie;;;;;https://maps.google.pl/maps/search/51.650525,+17.824446/@51.650525,17.82444617z;51.650525;17.824446
4202;SALON;62-800;Kalisz;ul. Wrocławska 59;No;4202@shellpl.pl;511831418;;pokaż na mapie;;;;;https://maps.google.pl/maps/search/51.73854,+18.05279/@51.73854,18.0527917z;51.73854;18.05279
4204;TUR;62-700;Turek;ul. Uniejowska 32;no;4204@shellpl.pl;514825057;514827734;pokaż na mapie;;;;;https://maps.google.pl/maps/search/52.00806,+18.522938/@52.00806,18.52293817z;52.00806;18.522938
4207;STAWISZYŃSKA ;62-800 ;Kalisz;ul. Stawiszyńska 28;yes;4207@shellpl.pl;511831562;;pokaż na mapie;;;;;https://maps.google.pl/maps/search/51.77022,+18.09444/@51.77022,18.0944417z;51.77022;18.09444
4208;OSTRÓW WLKP. II      ;63-400 ;Ostrów Wielkopolski;ul. Kaliska 104;yes;4208@shellpl.pl;511840379;;pokaż na mapie;;;;;https://maps.google.pl/maps/search/51.654268,+17.837259/@51.654268,17.83725917z;51.654268;17.837259
4209;PRZYGODZICE;63-421;Przygodzice;ul. Wrocławska 98;Yes;4209@shellpl.pl;511832171;;pokaż na mapie;;;;;https://maps.google.pl/maps/search/51.626609,+17.812271/@51.626609,17.81227117z;51.626609;17.812271
4214;JAROCIN FESTIWAL;63-200;Jarocin ;Wrocławska 79;yes;4214@shellpl.pl;571303348;;pokaż na mapie;;;;;https://maps.google.pl/maps/search/51.957285,+17.501618/@51.957285,17.50161817z;51.957285;17.501618
4216;WROCŁAWSKA;63-400;Ostrów Wielkopolski;ul. Wrocławska 92;no;4216@shellpl.pl;571303349;;pokaż na mapie;;;;;https://maps.google.pl/maps/search/51.626556,+17.812335/@51.626556,17.81233517z;51.626556;17.812335
4217;KALISZ STAŃCZYK;62-800 ;Kalisz;ul. Stańczukowskiego 18 a ;Yes;4217@shellpl.pl;571303125;;pokaż na mapie;;;;;https://maps.google.pl/maps/search/51.76202,+18.06001/@51.76202,18.0600117z;51.76202;18.06001
4301;LESZNO;64-100;Leszno;Al. Konstytucji 3 Maja 4;no;4301@shellpl.pl;571303284;;pokaż na mapie;;;;;https://maps.google.pl/maps/search/51.831839,+16.596597/@51.831839,16.59659717z;51.831839;16.596597
4302;KOŚCIAN;64-000;Kościan;ul. Gostyńska 1;no;4302@shellpl.pl;571303268;;pokaż na mapie;;;;;https://maps.google.pl/maps/search/52.089593,+16.651041/@52.089593,16.65104117z;52.089593;16.651041
4310;GŁOGÓW POKOJU;67-200;Głogów;ul. Kościuszki 17;yes;4310@shellpl.pl;571303027;;pokaż na mapie;;;;;https://maps.google.pl/maps/search/51.654201,+16.082053/@51.654201,16.08205317z;51.654201;16.082053
4401;STILON;66-400;Gorzów Wielkopolski;ul. Walczaka 25B;no;4401@shellpl.pl;511831659;;pokaż na mapie;;;;;https://maps.google.pl/maps/search/52.748545,+15.257102/@52.748545,15.25710217z;52.748545;15.257102
4402;WALCZAKA;66-400;Gorzów Wielkopolski;ul. Walczaka 41;yes;4402@shellpl.pl;511831781;;pokaż na mapie;;;;;https://maps.google.pl/maps/search/52.757487,+15.269666/@52.757487,15.26966617z;52.757487;15.269666
4405;ŚWIECKO;69-100 ;Słubice;Świecko;yes;4405@shellpl.pl;511838674;;pokaż na mapie;;;;;https://maps.google.pl/maps/search/52.313746,+14.640666/@52.313746,14.64066617z;52.313746;14.640666
4406;TORZYM;66-235;Torzym;Kolonia Poręby;Yes;4406@shellpl.pl;511838725;;pokaż na mapie;;;;;https://maps.google.pl/maps/search/52.317655,+15.04142/@52.317655,15.0414217z;52.317655;15.04142
4413;KASPRZAKA;66-400;Gorzów Wielkopolski;ul. Kasprzaka 13;yes;4413@shellpl.pl;511831843;;pokaż na mapie;;;;;https://maps.google.pl/maps/search/52.709051,+15.239797/@52.709051,15.23979717z;52.709051;15.239797
4414;WESTERN;66-400;Gorzów Wielkopolski;al.. Konstytucji 3-go Maja 11;yes;4414@shellpl.pl;571303158;;pokaż na mapie;;;;;https://maps.google.pl/maps/search/52.7309,+15.2231/@52.7309,15.223117z;52.7309;15.2231
4501;NETTO;62-100;Wągrowiec;ul.Janowiecka 27  ;no;4501@shellpl.pl;511821254;;pokaż na mapie;;;;;https://maps.google.pl/maps/search/52.808547,+17.210593/@52.808547,17.21059317z;52.808547;17.210593
4601;MINIMAL;78-100;Kołobrzeg;Koszalińska 36;no;4601@shellpl.pl;511841574;;pokaż na mapie;;;;;https://maps.google.pl/maps/search/54.17621,+15.59664/@54.17621,15.5966417z;54.17621;15.59664
5001;BRUCKNERA;51-411;Wrocław;ul. Brucknera 53-55;no;5001@shellpl.pl;511840395;;pokaż na mapie;;;;;https://maps.google.pl/maps/search/51.138254,+17.081986/@51.138254,17.08198617z;51.138254;17.081986
5004;BUDREM;53-110;Wrocław;ul. Ślężna 144;No;5004@shellpl.pl;511819863;;pokaż na mapie;;;;;https://maps.google.pl/maps/search/51.079388,+17.021446/@51.079388,17.02144617z;51.079388;17.021446
5005;WIŚNIOWA;53-126;Wrocław;ul. Wiśniowa 87;yes;5005@shellpl.pl;511820278;;pokaż na mapie;;;;;https://maps.google.pl/maps/search/51.083415,+17.023745/@51.083415,17.02374517z;51.083415;17.023745
5006;KAMIENNA;50-545;Wrocław;ul. Kamienna 145;No;5006@shellpl.pl;511820762;;pokaż na mapie;;;;;https://maps.google.pl/maps/search/51.085679,+17.045932/@51.085679,17.04593217z;51.085679;17.045932
5008;BEER;50-305;Wrocław;ul. Jaracza 69-71;No;5008@shellpl.pl;511840453;;pokaż na mapie;;;;;https://maps.google.pl/maps/search/51.128182,+17.056596/@51.128182,17.05659617z;51.128182;17.056596
5009;SPOLMOT;56-400;Oleśnica;ul. Wojska Polskiego 34;Yes;5009@shellpl.pl;511839315;;pokaż na mapie;;;;;https://maps.google.pl/maps/search/51.215443,+17.403009/@51.215443,17.40300917z;51.215443;17.403009
5015;MIŃSKA;54-610;Wrocław;ul. Mińska 41;yes;5015@shellpl.pl;511839081;;pokaż na mapie;;;;;https://maps.google.pl/maps/search/51.105964,+16.950477/@51.105964,16.95047717z;51.105964;16.950477
5018;KUDOWA PRZEJŚCIE;57-350;Kudowa Zdrój;Słone 133a;Yes;5018@shellpl.pl;511806547;511806897;pokaż na mapie;;;;;https://maps.google.pl/maps/search/50.433058,+16.19933/@50.433058,16.1993317z;50.433058;16.19933
5019;DŁUGOŁĘKA;55-090;Długołęka;Wrocławska 52;yes;5019@shellpl.pl;511839486;;pokaż na mapie;;;;;https://maps.google.pl/maps/search/51.174618,+17.179763/@51.174618,17.17976317z;51.174618;17.179763
5023;BOLKO;59-700;Bolesławiec;ul. Spółdzielcza 15;no;5023@shellpl.pl;571303019;;pokaż na mapie;;;;;https://maps.google.pl/maps/search/51.261247,+15.575682/@51.261247,15.57568217z;51.261247;15.575682
5025;OLEŚNICA KLONOWA    ;56-400 ;Oleśnica;ul. Klonowa 9 ;no;5025@shellpl.pl;511839527;;pokaż na mapie;;;;;https://maps.google.pl/maps/search/51.210829,+17.394115/@51.210829,17.39411517z;51.210829;17.394115
5026;KRAKOWSKA;50-426 ;Wrocław;ul. Krakowska 70-80;yes;5026@shellpl.pl;511820869;;pokaż na mapie;;;;;https://maps.google.pl/maps/search/51.091967,+17.062647/@51.091967,17.06264717z;51.091967;17.062647
5027;MAŁOPANEWSKA;54-121;Wrocław;ul. Małopanewska 2;yes;5027@shellpl.pl;511839095;;pokaż na mapie;;;;;https://maps.google.pl/maps/search/51.122799,+16.987926/@51.122799,16.98792617z;51.122799;16.987926
5028;OBORNICKA   ;51-114 ;Wrocław;ul. Obornicka 64;YES;5028@shellpl.pl;511839169;;pokaż na mapie;;;;;https://maps.google.pl/maps/search/51.138739,+17.028294/@51.138739,17.02829417z;51.138739;17.028294
5031;GUBIŃSKA;54-433 ;Wrocław;ul. Gubińska 6;no;5031@shellpl.pl;511839223;;pokaż na mapie;;;;;https://maps.google.pl/maps/search/51.113495,+16.958435/@51.113495,16.95843517z;51.113495;16.958435
5101;MARSA;59-220;Legnica;ul. Piłsudskiego;No;5101@shellpl.pl;571303028;;pokaż na mapie;;;;;https://maps.google.pl/maps/search/51.204279,+16.191962/@51.204279,16.19196217z;51.204279;16.191962
5103;ŻARSKA WIEŚ I;59-900;Zgorzelec;Żarska Wieś I;yes;5103@shellpl.pl;571303020;571303021;pokaż na mapie;;;;;https://maps.google.pl/maps/search/51.20518,+15.12259/@51.20518,15.1225917z;51.20518;15.12259
5105;POLKOWICE;59-100;Polkowice;ul. Gdańska 23;yes;5105@shellpl.pl;768462815;768462847;pokaż na mapie;;;;;https://maps.google.pl/maps/search/51.501827,+16.06118/@51.501827,16.0611817z;51.501827;16.06118
5109;LEGNICKA;59-241;Legnickie Pole;Nowa Wieś Legnicka;yes;5109@shellpl.pl;571303029;;pokaż na mapie;;;;;https://maps.google.pl/maps/search/51.15863,+16.171859/@51.15863,16.17185917z;51.15863;16.171859
5113;LEGNICA RONDO UNII;59-220;Legnica;Złotoryjska 172;yes;5113@shellpl.pl;512869685;;pokaż na mapie;;;;;https://maps.google.pl/maps/search/51.191623,+16.128053/@51.191623,16.12805317z;51.191623;16.128053
5202;KOZA;47-220;Kędzierzyn - Koźle;ul. Kozielska 30;Yes;5202@shellpl.pl;511843358;511843410;pokaż na mapie;;;;;https://maps.google.pl/maps/search/50.340311,+18.192759/@50.340311,18.19275917z;50.340311;18.192759
5209;KRAPKOWICE  ;47-300 ;Krapkowice;ul. Ks. Koziołka 10 a;yes;5209@shellpl.pl;511843528;511843546;pokaż na mapie;;;;;https://maps.google.pl/maps/search/50.479411,+17.972217/@50.479411,17.97221717z;50.479411;17.972217
5210;KUTROWSKIEGO  ;55-200 ;Oława;ul. Kutrowskiego 29 b;yes;5210@shellpl.pl;511840479;;pokaż na mapie;;;;;https://maps.google.pl/maps/search/50.949641,+17.283447/@50.949641,17.28344717z;50.949641;17.283447
5211;OPOLE OZIMSKA       ;45-286 ;Opole;ul. Ozimska 195;yes;5211@shellpl.pl;511843547;511843601;pokaż na mapie;;;;;https://maps.google.pl/maps/search/50.669766,+17.969379/@50.669766,17.96937917z;50.669766;17.969379
5216;MŁYŃSKI STAW;49-100;Młyński Staw, poczta Niemodlin;216 km autostrady A4 kierunek Wrocław;Yes;5216@shellpl.pl;696056955;510143858;pokaż na mapie;;;;;https://maps.google.pl/maps/search/50.676337,+17.656574/@50.676337,17.65657417z;50.676337;17.656574
5217;RZĘDZIWOJOWICE;49-100;Rzędziwojowice, poczta Niemodlin;216 km autostrady A4 kierunek Katowice;Yes;5217@shellpl.pl;510143857;;pokaż na mapie;;;;;https://maps.google.pl/maps/search/50.677887,+17.650459/@50.677887,17.65045917z;50.677887;17.650459
5302;ZJEDNOCZENIA;65-120;Zielona Góra;Aleja Zjednoczenia 106;yes;5302@shellpl.pl;511828942;;pokaż na mapie;;;;;https://maps.google.pl/maps/search/51.952839,+15.486576/@51.952839,15.48657617z;51.952839;15.486576
5303;SŁUBICE;69-100;Słubice;ul. Chrobrego 25;no;5303@shellpl.pl;511838946;;pokaż na mapie;;;;;https://maps.google.pl/maps/search/52.356136,+14.56153/@52.356136,14.5615317z;52.356136;14.56153
5304;NOWE MIASTECZKO     ;67-124 ;Nowe Miasteczko;Nowa Sól – Gołaszyn;yes;5304@shellpl.pl;571303160;;pokaż na mapie;;;;;https://maps.google.pl/maps/search/51.718867,+15.728559/@51.718867,15.72855917z;51.718867;15.728559
5305;3-MAJA ;65-805;Zielona Góra;Al. Konstytucji 3 Maja  23;no;5305@shellpl.pl;511829140;;pokaż na mapie;;;;;https://maps.google.pl/maps/search/51.93728,+15.509707/@51.93728,15.50970717z;51.93728;15.509707
5308;OSIEDLE;67-100;Nowa Sól;ul. Staszica 17;No;5308@shellpl.pl;511829335;;pokaż na mapie;;;;;https://maps.google.pl/maps/search/51.806572,+15.697038/@51.806572,15.69703817z;51.806572;15.697038
5309;CEGIELSKI;67-100;Nowa Sól;ul. Piłsudskiego;No;5309@shellpl.pl;511829596;;pokaż na mapie;;;;;https://maps.google.pl/maps/search/51.811529,+15.710533/@51.811529,15.71053317z;51.811529;15.710533
5314;ZASIEKI MOST;68-343;Zasieki;Zasieki 74 B gm.Brody;no;5314@shellpl.pl;571303022;571303023;pokaż na mapie;;;;;https://maps.google.pl/maps/search/51.742576,+14.664162/@51.742576,14.66416217z;51.742576;14.664162
5326;JĘDRZYCHOWICE;59-900;Zgorzelec;Jędrzychowice 98B;yes;5326@shellpl.pl;756408442;756408442;pokaż na mapie;;;;;https://maps.google.pl/maps/search/51.176119,+15.031707/@51.176119,15.03170717z;51.176119;15.031707
5328;IŁOWA WĘZEŁ;68-120 ;Iłowa;Czerna;yes;5328@shellpl.pl;571303144;;pokaż na mapie;;;;;https://maps.google.pl/maps/search/51.52566,+15.21721/@51.52566,15.2172117z;51.52566;15.21721
5401;JANIKOWSKIEGO;42-200;Częstochowa;ul. Jagiellońska 29/31;No;5401@shellpl.pl;571303084;;pokaż na mapie;;;;;https://maps.google.pl/maps/search/50.782168,+19.135024/@50.782168,19.13502417z;50.782168;19.135024
5402;POCZESNA;42-262;Poczesna;ul. Warszawska 3;yes;5402@shellpl.pl;571303085;;pokaż na mapie;;;;;https://maps.google.pl/maps/search/50.71764,+19.15286/@50.71764,19.1528617z;50.71764;19.15286
5403;PZ-MOT;42-200;Częstochowa;ul. Wojska Polskiego 110;Yes;5403@shellpl.pl;571303086;;pokaż na mapie;;;;;https://maps.google.pl/maps/search/50.779122,+19.147534/@50.779122,19.14753417z;50.779122;19.147534
5404;OKULICKIEGO;42-200;Częstochowa;ul. Okulickiego 20/22;no;5404@shellpl.pl;571303087;;pokaż na mapie;;;;;https://maps.google.pl/maps/search/50.824586,+19.102983/@50.824586,19.10298317z;50.824586;19.102983
5407;JANA PAWŁA;42-200;Częstochowa;ul. Jana Pawła II 5;Yes;5407@shellpl.pl;571303088;;pokaż na mapie;;;;;https://maps.google.pl/maps/search/50.817422,+19.131596/@50.817422,19.13159617z;50.817422;19.131596
5413;BRUDZOWICE;42-470;Siewierz;Brudzowice, ul. Katowicka 6;Yes;5413@shellpl.pl;511821958;;pokaż na mapie;;;;;https://maps.google.pl/maps/search/50.513343,+19.195622/@50.513343,19.19562217z;50.513343;19.195622
5501;YOUNG;58-105;Świdnica;ul. Zamenhoffa;No;5501@shellpl.pl;511803217;;pokaż na mapie;;;;;https://maps.google.pl/maps/search/50.842716,+16.463646/@50.842716,16.46364617z;50.842716;16.463646
5503;DZIERŻONIÓW  ;58-200 ;Dzierżoniów;ul. Świdnicka 69;yes;5503@shellpl.pl;511803497;;pokaż na mapie;;;;;https://maps.google.pl/maps/search/50.739113,+16.63608/@50.739113,16.6360817z;50.739113;16.63608
5504;JASIENICA    ;43-385 ;Jasienica ; Jasienica 75;Yes;5504@shellpl.pl;338290141;338290141;pokaż na mapie;;;;;https://maps.google.pl/maps/search/49.813162,+18.92019/@49.813162,18.9201917z;49.813162;18.92019
5505;JELENIA GÓRA        ;58-506 ;Jelenia Góra;Aleja Jana Pawła II 47;yes;5505@shellpl.pl;511807142;;pokaż na mapie;;;;;https://maps.google.pl/maps/search/50.920391,+15.759233/@50.920391,15.75923317z;50.920391;15.759233
5506;KOLEJOWA  ;58-300 ;Wałbrzych;ul. Kolejowa 2;yes;5506@shellpl.pl;511807238;;pokaż na mapie;;;;;https://maps.google.pl/maps/search/50.774054,+16.273831/@50.774054,16.27383117z;50.774054;16.273831
5507;GRANICA;59-900;Zgorzelec;ul. Emilli Plater 7;yes;5507@shellpl.pl;571303024;571303025;pokaż na mapie;;;;;https://maps.google.pl/maps/search/51.14869,+15.009642/@51.14869,15.00964217z;51.14869;15.009642
5508;TGG;58-105;Świdnica;ul. Sikorskiego;yes;5508@shellpl.pl;511805269;;pokaż na mapie;;;;;https://maps.google.pl/maps/search/50.85054,+16.475399/@50.85054,16.47539917z;50.85054;16.475399
5511;STRZEGOM GRANIT;58-150;Strzegom;ul. Wojska Polskiego/DK5;yes;5511@shellpl.pl;746321206;;pokaż na mapie;;;;;https://maps.google.pl/maps/search/50.977257,+16.367344/@50.977257,16.36734417z;50.977257;16.367344
6001;SIEDLCE;08-110;Siedlce;ul. Brzeska 43;No;6001@shellpl.pl;571303012;571303013;pokaż na mapie;;;;;https://maps.google.pl/maps/search/52.161807,+22.288014/@52.161807,22.28801417z;52.161807;22.288014
6002;SZCZECIŃSKA;76-209 ;Słupsk;ul. Szczecińska 36h;Yes;6002@shellpl.pl;511838579;;pokaż na mapie;;;;;https://maps.google.pl/maps/search/54.45929,+16.995528/@54.45929,16.99552817z;54.45929;16.995528
6003;PUŁAWSKA;02-801 ;Warszawa;ul. Puławska 437;No;6003@shellpl.pl;511835093;;pokaż na mapie;;;;;https://maps.google.pl/maps/search/52.140211,+21.018758/@52.140211,21.01875817z;52.140211;21.018758
6005;KUDOWA;57-350 ;Kudowa Zdrój;ul. Główna 42a;Yes;6005@shellpl.pl;511807382;;pokaż na mapie;;;;;https://maps.google.pl/maps/search/50.434753,+16.237364/@50.434753,16.23736417z;50.434753;16.237364
6006;SUWAŁKI;16-400;Suwałki;ul. Pułaskiego 28;yes;6006@shellpl.pl;511817657;511818458;pokaż na mapie;;;;;https://maps.google.pl/maps/search/54.118596,+22.938691/@54.118596,22.93869117z;54.118596;22.938691
6007;WAŁ;04-866;Warszawa;ul. Wał Miedzeszyński 219;No;6007@shellpl.pl;511846113;;pokaż na mapie;;;;;https://maps.google.pl/maps/search/52.170931,+21.154947/@52.170931,21.15494717z;52.170931;21.154947
6008;WOLICA;05-830;Nadarzyn;Wolica 24B;Yes;6008@shellpl.pl;511846542;;pokaż na mapie;;;;;https://maps.google.pl/maps/search/52.121504,+20.870676/@52.121504,20.87067617z;52.121504;20.870676
6009;WOLSKA;01-258 ;Warszawa;ul. Wolska 195;No;6009@shellpl.pl;511828389;;pokaż na mapie;;;;;https://maps.google.pl/maps/search/52.22293,+20.930728/@52.22293,20.93072817z;52.22293;20.930728
6010;PSIE POLE;51-130;Wrocław;ul. Żmigrodzka 105/117;Yes;6010@shellpl.pl;511839287;;pokaż na mapie;;;;;https://maps.google.pl/maps/search/51.143764,+17.032113/@51.143764,17.03211317z;51.143764;17.032113
6011;1000-LECIA;15-111;Białystok;ul. 1000-lecia P.pol.72;Yes;6011@shellpl.pl;511846961;511847113;pokaż na mapie;;;;;https://maps.google.pl/maps/search/53.157888,+23.152573/@53.157888,23.15257317z;53.157888;23.152573
6012;RADULE;16-080;Tykocin;Radule 90;Yes;6012@shellpl.pl;514849749;514816481;pokaż na mapie;;;;;https://maps.google.pl/maps/search/53.14408,+22.793412/@53.14408,22.79341217z;53.14408;22.793412
7002;BESKIDZKA;43-100;Tychy;ul. Beskidzka 101;yes;7002@shellpl.pl;511802658;;pokaż na mapie;;;;;https://maps.google.pl/maps/search/50.088201,+19.006063/@50.088201,19.00606317z;50.088201;19.006063
7003;BEŁCHATÓW;97-400;Bełchatów;ul. Armii Krajowej 12;no;7003@shellpl.pl;571303103;;pokaż na mapie;;;;;https://maps.google.pl/maps/search/51.351832,+19.375838/@51.351832,19.37583817z;51.351832;19.375838
7004;LEGIONÓW;43-502;Czechowice Dziedzice;ul. Legionów 88a;No;7004@shellpl.pl;511841583;511842318;pokaż na mapie;;;;;https://maps.google.pl/maps/search/49.904614,+19.001639/@49.904614,19.00163917z;49.904614;19.001639
7005;POKOJU;31-564 ;Kraków;Al. Pokoju 65;Yes;7005@shellpl.pl;511821223;511821227;pokaż na mapie;;;;;https://maps.google.pl/maps/search/50.064784,+19.995353/@50.064784,19.99535317z;50.064784;19.995353
7102;MEDYK;02-819;Warszawa;ul. Puławska 332/334;yes;7102@shellpl.pl;571303186;;pokaż na mapie;;;;;https://maps.google.pl/maps/search/52.141966,+21.016952/@52.141966,21.01695217z;52.141966;21.016952
7103;JANKI MSZCZONOWSKA;05-090;Janki;Mszczonowska 1;yes;7103@shellpl.pl;224904072;;pokaż na mapie;;;;;https://maps.google.pl/maps/search/52.132638,+20.892881/@52.132638,20.89288117z;52.132638;20.892881
7105;WILANOWSKA;02-668;Warszawa;al. Wilanowska/Al.Lotników;yes;7105@shellpl.pl;733445548;;pokaż na mapie;;;;;https://maps.google.pl/maps/search/52.177638,+21.006709/@52.177638,21.00670917z;52.177638;21.006709
7106;ARMII KRAJOWEJ;01-783;Warszawa;ul. Armii Krajowej;yes;7106@shellpl.pl;511823325;;pokaż na mapie;;;;;https://maps.google.pl/maps/search/52.278707,+20.975267/@52.278707,20.97526717z;52.278707;20.975267
7107;JEROZOLIMSKIE;02-326;Warszawa;Al.Jerozolimskie 152;no;7107@shellpl.pl;571303241;;pokaż na mapie;;;;;https://maps.google.pl/maps/search/52.211336,+20.949741/@52.211336,20.94974117z;52.211336;20.949741
7108;JAGIELLOŃSKA;03-301;Warszawa;ul. Jagiellońska 78;yes;7108@shellpl.pl;797045121;;pokaż na mapie;;;;;https://maps.google.pl/maps/search/52.269293,+21.019477/@52.269293,21.01947717z;52.269293;21.019477
7110;WARSZAWA CISZEWSKIEGO ;02-777 ;Warszawa;ul. Ciszewskiego 15;No;7110@shellpl.pl;511846131;;pokaż na mapie;;;;;https://maps.google.pl/maps/search/52.154365,+21.042274/@52.154365,21.04227417z;52.154365;21.042274
7114;Warszawa Traktorzystów;02-495 ;Warszawa;ul. Traktorzystów 10;yes;7114@shellpl.pl;571303242;;pokaż na mapie;;;;;https://maps.google.pl/maps/search/52.199284,+20.892259/@52.199284,20.89225917z;52.199284;20.892259
7115;Warszawa Lodygowa;03-687 ;Warszawa;ul.Łodygowa 28;no;7115@shellpl.pl;571303228;;pokaż na mapie;;;;;https://maps.google.pl/maps/search/52.286158,+21.08685/@52.286158,21.0868517z;52.286158;21.08685
7116;Nieporet Nowolipie;05-126 ;Nieporęt;ul. Nowolipie;no;7116@shellpl.pl;571303231;;pokaż na mapie;;;;;https://maps.google.pl/maps/search/52.43155,+21.039436/@52.43155,21.03943617z;52.43155;21.039436
7117;Piaseczno Inter;05-500 ;Piaseczno;ul. Okulickiego 6;no;7117@shellpl.pl;571303298;;pokaż na mapie;;;;;https://maps.google.pl/maps/search/52.0825,+21.0297/@52.0825,21.029717z;52.0825;21.0297
7119;Legionowo Zegrzynska;05-119 ;Legionowo;ul. Zegrzyńska 6;yes;7119@shellpl.pl;571303126;;pokaż na mapie;;;;;https://maps.google.pl/maps/search/52.4032,+20.9486/@52.4032,20.948617z;52.4032;20.9486
7122;ŁÓDŹ ZGIERSKA;91-490;Łódź;ul. Zgierska 163;no;7122@shellpl.pl;571303009;;pokaż na mapie;;;;;https://maps.google.pl/maps/search/51.811676,+19.436975/@51.811676,19.43697517z;51.811676;19.436975
7124;ŁÓDŹ ROKICIŃSKA;92-320;Łódź;ul. Rokicińska 192;Yes;7124@shellpl.pl;571303139;;pokaż na mapie;;;;;https://maps.google.pl/maps/search/51.753348,+19.582255/@51.753348,19.58225517z;51.753348;19.582255
7126;Lodz Wlokniarzy;91-089 ;Łódź;Al. Włókniarzy 199;no;7126@shellpl.pl;571303347;;pokaż na mapie;;;;;https://maps.google.pl/maps/search/51.768524,+19.425757/@51.768524,19.42575717z;51.768524;19.425757
7127;Lublin Sienna;20-118 ;Lublin;ul. Sienna 27;no;7127@shellpl.pl;571303195;;pokaż na mapie;;;;;https://maps.google.pl/maps/search/51.251153,+22.580555/@51.251153,22.58055517z;51.251153;22.580555
7200;ELBLĄG SOPOCKA;82-300;Elbląg;ul. Sopocka/Tysiąclecia;no;7200@shellpl.pl;571303045;;pokaż na mapie;;;;;https://maps.google.pl/maps/search/54.155171,+19.398108/@54.155171,19.39810817z;54.155171;19.398108
7201;GRZYMAŁY;85-825;Bydgoszcz;ul. Wojska Polskiego 19;yes;7201@shellpl.pl;791354006;;pokaż na mapie;;;;;https://maps.google.pl/maps/search/53.109124,+18.033825/@53.109124,18.03382517z;53.109124;18.033825
7202;BYDGOSZCZ TAŁDYKINA;85-791;Bydgoszcz;ul. Taldykina 3;no;7202@shellpl.pl;571303069;;pokaż na mapie;;;;;https://maps.google.pl/maps/search/53.152985,+18.14562/@53.152985,18.1456217z;53.152985;18.14562
7203;Gdansk Morena;80-172 ;Gdańsk;ul. Nowolipie 2;no;7203@shellpl.pl;571303235;;pokaż na mapie;;;;;https://maps.google.pl/maps/search/54.350257,+18.594802/@54.350257,18.59480217z;54.350257;18.594802
7204;MALBORK CARGO;82-200;Malbork;ul. Wojska Polskiego ;Yes;7204@shellpl.pl;571303128;;pokaż na mapie;;;;;https://maps.google.pl/maps/search/54.03616,+19.046872/@54.03616,19.04687217z;54.03616;19.046872
7205;GDYNIA CHYLOŃSKA;81-033;Gdynia;ul. Chylońska 110A;no;7205@shellpl.pl;515032094;;pokaż na mapie;;;;;https://maps.google.pl/maps/search/54.544089,+18.465684/@54.544089,18.46568417z;54.544089;18.465684
7206;GDAŃSK GALERIA;80-266;Gdańsk;ul. Grunwaldzka 161;Yes;7206@shellpl.pl;571303352;;pokaż na mapie;;;;;https://maps.google.pl/maps/search/54.383629,+18.597278/@54.383629,18.59727817z;54.383629;18.597278
7207;Gdynia Unruga;81-190;Gdynia;ul. Szlifierzy 1;no;7207@shellpl.pl;571303131;;pokaż na mapie;;;;;https://maps.google.pl/maps/search/54.549332,+18.513046/@54.549332,18.51304617z;54.549332;18.513046
7208;Rumia Dabrowskiego;84-230 ;Rumia;ul. Dąbrowskiego/Hutnicza;No;7208@shellpl.pl;571303246;;pokaż na mapie;;;;;https://maps.google.pl/maps/search/54.560573,+18.423269/@54.560573,18.42326917z;54.560573;18.423269
7209;WEJHEROWO PRZEMYSŁOWA;84-200;Wejherowo;ul. Przemysłowa 1;no;7209@shellpl.pl;511805273;;pokaż na mapie;;;;;https://maps.google.pl/maps/search/54.608359,+18.220711/@54.608359,18.22071117z;54.608359;18.220711
7210;TORUŃ KOPERNIKA;87-100;Toruń;ul. Szosa Lubicka 24;Yes;7210@shellpl.pl;571303140;;pokaż na mapie;;;;;https://maps.google.pl/maps/search/53.019905,+18.643313/@53.019905,18.64331317z;53.019905;18.643313
7303;CHORZÓW KATOWICKA;41-500;Chorzów;ul. Katowicka 160;no;7303@shellpl.pl;533926228;533926228;pokaż na mapie;;;;;https://maps.google.pl/maps/search/50.321491,+18.945514/@50.321491,18.94551417z;50.321491;18.945514
7304;ZABRZE KORFANTEGO;41-800  ;Zabrze;Al. Korfantego 7;no;7304@shellpl.pl;795025265;;pokaż na mapie;;;;;https://maps.google.pl/maps/search/50.313659,+18.773792/@50.313659,18.77379217z;50.313659;18.773792
7306;KATOWICE GÓRNOŚLĄSKA;40-503;Katowice;UL.Prowansalska 7;No;7306@shellpl.pl;511821061;;pokaż na mapie;;;;;https://maps.google.pl/maps/search/50.243871,+19.035078/@50.243871,19.03507817z;50.243871;19.035078
7307;Cieszyn Liburnia;43-400 ;Cieszyn;ul. Liburnia 24;no;7307@shellpl.pl;571303219;;pokaż na mapie;;;;;https://maps.google.pl/maps/search/49.752324,+18.637487/@49.752324,18.63748717z;49.752324;18.637487
7308;ŚWIĘTOCHŁOWICE ŚLĄSKA;41-600;Świętochłowice;Śląska 10;No;7308@shellpl.pl;571303278;;pokaż na mapie;;;;;https://maps.google.pl/maps/search/50.281786,+18.912266/@50.281786,18.91226617z;50.281786;18.912266
7309;Katowice Berg;40-020 ;Katowice;ul. Przemysłowa 3;no;7309@shellpl.pl;571303134;;pokaż na mapie;;;;;https://maps.google.pl/maps/search/50.253322,+19.033115/@50.253322,19.03311517z;50.253322;19.033115
7310;Bytom Puszkina;41-900 ;Bytom;ul. Puszkina 1;no;7310@shellpl.pl;571303247;;pokaż na mapie;;;;;https://maps.google.pl/maps/search/50.34065,+18.887355/@50.34065,18.88735517z;50.34065;18.887355
7311;GLIWICE TARNOGÓRSKA;44-100;Gliwice;ul. Kolberga 51;no;7311@shellpl.pl;515021443;;pokaż na mapie;;;;;https://maps.google.pl/maps/search/50.302144,+18.680448/@50.302144,18.68044817z;50.302144;18.680448
7314;Krakow Kobierzynska;30-382  ;Kraków;ul. Kobierzyńska 144;no;7314@shellpl.pl;511814635;;pokaż na mapie;;;;;https://maps.google.pl/maps/search/50.018874,+19.906484/@50.018874,19.90648417z;50.018874;19.906484
7315;KRAKÓW ŚLIWKOWA;31-928;Kraków;ul. Jana Pawła II 186;no;7315@shellpl.pl;571303132;;pokaż na mapie;;;;;https://maps.google.pl/maps/search/50.074053,+20.005435/@50.074053,20.00543517z;50.074053;20.005435
7401;POZNAN JAWORNICKA;60-161;Poznań;ul. Jawornicka 58;no;7401@shellpl.pl;511827866;;pokaż na mapie;;;;;https://maps.google.pl/maps/search/52.382877,+16.863578/@52.382877,16.86357817z;52.382877;16.863578
7402;Poznan Bukowska;60-189;Poznań;ul. Bukowska/ róg Prostej;no;7402@shellpl.pl;571303196;;pokaż na mapie;;;;;https://maps.google.pl/maps/search/52.411724,+16.858475/@52.411724,16.85847517z;52.411724;16.858475
7403;Poznan Konferederacka;60-307 ;Poznań;ul. Grunwaldzka 104;no;7403@shellpl.pl;571303194;;pokaż na mapie;;;;;https://maps.google.pl/maps/search/52.396852,+16.869773/@52.396852,16.86977317z;52.396852;16.869773
7404;POZNAŃ BAŁTYCKA;61-017;Poznań;ul. Bałtycka 34;yes;7404@shellpl.pl;514890990;571303197;pokaż na mapie;;;;;https://maps.google.pl/maps/search/52.4264,+16.9761/@52.4264,16.976117z;52.4264;16.9761
7405;POZNAN PLAZA;61-689;Poznań;ul. Mieszka I / Tymienieckiego ;no;7405@shellpl.pl;571303038;;pokaż na mapie;;;;;https://maps.google.pl/maps/search/52.4454,+16.921/@52.4454,16.92117z;52.4454;16.921
7406;STRUGA;70-784;Szczecin;ul. Struga;no;7406@shellpl.pl;571303354;;pokaż na mapie;;;;;https://maps.google.pl/maps/search/53.381955,+14.668598/@53.381955,14.66859817z;53.381955;14.668598
7407;DUŃSKA;71-975;Szczecin;ul. Belgijska 1 ;no;7407@shellpl.pl;664360942;;pokaż na mapie;;;;;https://maps.google.pl/maps/search/53.464006,+14.54315/@53.464006,14.5431517z;53.464006;14.54315
7501;WROCŁAW POWSTAŃCÓW ŚLĄSKICH;50-996 ;Wrocław;ul. Powstańców Śląskich/Krzyckiego;no;7501@shellpl.pl;723060080;;pokaż na mapie;;;;;https://maps.google.pl/maps/search/51.075467,+17.006991/@51.075467,17.00699117z;51.075467;17.006991
7502;BODZIO LUBIN;59-300;Lubin ;ul. Hutnicza 8;no;7502@shellpl.pl;518266503;;pokaż na mapie;;;;;https://maps.google.pl/maps/search/51.412017,+16.188298/@51.412017,16.18829817z;51.412017;16.188298
7503;Strzelce Strzelców;47-100 ;Strzelce Op.  ;ul. Strzelców Bytomskich 1A;no;7503@shellpl.pl;571303248;;pokaż na mapie;;;;;https://maps.google.pl/maps/search/50.513739,+18.289828/@50.513739,18.28982817z;50.513739;18.289828
8101;JASKÓŁKA;27-100;Iłża;Pieńki 40;yes;8101@shellpl.pl;483263805;;pokaż na mapie;;;;;https://maps.google.pl/maps/search/51.233413,+21.245971/@51.233413,21.24597117z;51.233413;21.245971
8107;KAŁUSZYN;05-310;Kałuszyn;ul. Warszawska 2;yes;8107@shellpl.pl;257576599;;pokaż na mapie;;;;;https://maps.google.pl/maps/search/52.210756,+21.82919/@52.210756,21.8291917z;52.210756;21.82919
8113;ZGIERZ IGNACPOL;95-100;Zgierz;Ul. Kasprowicza 6/8;yes;8113@shellpl.pl;427176718;;pokaż na mapie;;;;;https://maps.google.pl/maps/search/51.871861,+19.408352/@51.871861,19.40835217z;51.871861;19.408352
8114;TROJA;26-330 ;Żarnów;Trojanowice 26A;yes;8114@shellpl.pl;447577185;;pokaż na mapie;;;;;https://maps.google.pl/maps/search/51.264385,+20.165019/@51.264385,20.16501917z;51.264385;20.165019
8117;KRASOWA;97-438;Rusiec;Krasowa 3 ;yes;8117@shellpl.pl;436766368;;pokaż na mapie;;;;;https://maps.google.pl/maps/search/51.335693,+19.005811/@51.335693,19.00581117z;51.335693;19.005811
8118;WAGAT;07-130;Łochów;ul. Żytnia 52;yes;8118@shellpl.pl;256751118;;pokaż na mapie;;;;;https://maps.google.pl/maps/search/52.526359,+21.681304/@52.526359,21.68130417z;52.526359;21.681304
8120;ZWOLEŃ;26-700;Zwoleń;ul. Jana Pawła II 30;yes;8120@shellpl.pl;486764312;;pokaż na mapie;;;;;https://maps.google.pl/maps/search/51.355576,+21.587555/@51.355576,21.58755517z;51.355576;21.587555
8124;RÓŻA;06-230;Różan;ul.Kościuszki 59;yes;8124@shellpl.pl;297669469;;pokaż na mapie;;;;;https://maps.google.pl/maps/search/52.89549,+21.39463/@52.89549,21.3946317z;52.89549;21.39463
8140;JAWOR;21-300 ;Radzyń Podlaski;Paszki Małe 77a;yes;8140@shellpl.pl;833527279;;pokaż na mapie;;;;;https://maps.google.pl/maps/search/51.751676,+22.564137/@51.751676,22.56413717z;51.751676;22.564137
8142;GÓRNIK;21-010;Łęczna;ul. Chełmska 61;yes;8142@shellpl.pl;817521204;;pokaż na mapie;;;;;https://maps.google.pl/maps/search/51.298154,+22.893995/@51.298154,22.89399517z;51.298154;22.893995
8170;SIELSKA;10-801;Olsztyn;ul. Sielska 45a;yes;8170@shellpl.pl;895278049;;pokaż na mapie;;;;;https://maps.google.pl/maps/search/53.76947,+20.409529/@53.76947,20.40952917z;53.76947;20.409529
8173;OLECKO MARGOS;19-400;Olecko;ul. Wojska Polskiego 12;yes;8173@shellpl.pl;875204295;;pokaż na mapie;;;;;https://maps.google.pl/maps/search/54.039585,+22.4972/@54.039585,22.497217z;54.039585;22.4972
8179;PATER;17-300;Siemiatycze;11 Listopada 247 a;yes;8179@shellpl.pl;856556401;;pokaż na mapie;;;;;https://maps.google.pl/maps/search/52.39803,+22.87134/@52.39803,22.8713417z;52.39803;22.87134
8180;WAGAT II ;07-100;Węgrów;ul. Gadańska 97;yes;8180@shellpl.pl;257926131;;pokaż na mapie;;;;;https://maps.google.pl/maps/search/52.416094,+22.00679/@52.416094,22.0067917z;52.416094;22.00679
8212;GAZ-MOT;78-600;Wałcz;Wałcz Drugi 29;yes;8212@shellpl.pl;673871927;;pokaż na mapie;;;;;https://maps.google.pl/maps/search/53.257961,+16.50552/@53.257961,16.5055217z;53.257961;16.50552
8241;BRODNICA EUROGAZ;87-300;Brodnica;ul. Podgórna 27;yes;8241@shellpl.pl;564940920;;pokaż na mapie;;;;;https://maps.google.pl/maps/search/53.245784,+19.397827/@53.245784,19.39782717z;53.245784;19.397827
8242;JEZIORKI;82-620;Chojnice;Jeziorki 33;yes;8242@shellpl.pl;523951566;;pokaż na mapie;;;;;https://maps.google.pl/maps/search/53.72345,+17.6985/@53.72345,17.698517z;53.72345;17.6985
8243;CHOJNICE WĘZEŁ;89-620;Chojnice;Nieżychowice 1;yes;8243@shellpl.pl;523951074;;pokaż na mapie;;;;;https://maps.google.pl/maps/search/53.681007,+17.538933/@53.681007,17.53893317z;53.681007;17.538933
8291;MARSZEL;06-400;Ciechanów;ul.Pułtuska 65;yes;8291@shellpl.pl;236722137;;pokaż na mapie;;;;;https://maps.google.pl/maps/search/52.881841,+20.644067/@52.881841,20.64406717z;52.881841;20.644067
8292;KAJEW;99-340;Krośniewice;Kajew DK1;yes;8292@shellpl.pl;242523150;;pokaż na mapie;;;;;https://maps.google.pl/maps/search/52.27504,+19.16551/@52.27504,19.1655117z;52.27504;19.16551
8295;WŁOCŁAWEK TOYOTA;87-810;Włocławek;ul. Okrężna 2;no;8295@shellpl.pl;542326436;;pokaż na mapie;;;;;https://maps.google.pl/maps/search/52.65217,+19.082673/@52.65217,19.08267317z;52.65217;19.082673
8313;MOCZYDŁO;32-210;Książ Wielki Moczydło ;Moczydło 82;yes;8313@shellpl.pl;413839245;;pokaż na mapie;;;;;https://maps.google.pl/maps/search/50.486402,+20.182443/@50.486402,20.18244317z;50.486402;20.182443
8321;SPEED;38-420;Korczyna;ul. Gen. Szeptyckiego 1A;yes;8321@shellpl.pl;134388095;;pokaż na mapie;;;;;https://maps.google.pl/maps/search/49.715018,+21.80733/@49.715018,21.8073317z;49.715018;21.80733
8331;SLOW;39-300;Mielec;ul. Wojsławska 1A;yes;8331@shellpl.pl;175863956;;pokaż na mapie;;;;;https://maps.google.pl/maps/search/50.283512,+21.429705/@50.283512,21.42970517z;50.283512;21.429705
8341;MIŁA;28-520;Opatowiec;Kraśniów 25;no;8341@shellpl.pl;607521350;;pokaż na mapie;;;;;https://maps.google.pl/maps/search/50.260928,+20.728192/@50.260928,20.72819217z;50.260928;20.728192
8355;ŻMUDA;29-130;Moskorzew;Lubachowy 68;yes;8355@shellpl.pl;343542090;;pokaż na mapie;;;;;https://maps.google.pl/maps/search/50.645977,+19.933233/@50.645977,19.93323317z;50.645977;19.933233
8357;BUSKO;28-100;Busko Zdrój;Szczaworyż 2;yes;8357@shellpl.pl;413761110;;pokaż na mapie;;;;;https://maps.google.pl/maps/search/50.45772,+20.77937/@50.45772,20.7793717z;50.45772;20.77937
8363;Brzesko;32-800;Brzesko;ul. Biznesowa 3;yes;8363@shellpl.pl;601090722;;pokaż na mapie;;;;;https://maps.google.pl/maps/search/49.966001,+20.599488/@49.966001,20.59948817z;49.966001;20.599488
8403;KOSZUTY MIŚ;63-022;Słupia Wielka ;Koszuty 16A;yes;8403@shellpl.pl;612877170;;pokaż na mapie;;;;;https://maps.google.pl/maps/search/52.233461,+17.177349/@52.233461,17.17734917z;52.233461;17.177349
8408;BOLECHOWO POLIGON;62-005;Bolechowo;ul. Poznańska dz.274/15;yes;8408@shellpl.pl;616675396;;pokaż na mapie;;;;;https://maps.google.pl/maps/search/52.537513,+16.98216/@52.537513,16.9821617z;52.537513;16.98216
8410;HYDROGRYF GRYFICE;72-300;Gryfice;Ul. Piłsudskiego 20a;yes;8410@shellpl.pl;913877421;;pokaż na mapie;;;;;https://maps.google.pl/maps/search/53.926158,+15.205293/@53.926158,15.20529317z;53.926158;15.205293
8440;SKWIERZYNA;66-440;Skwierzyna;ul. Poznańska;yes;8440@shellpl.pl;957176163;;pokaż na mapie;;;;;https://maps.google.pl/maps/search/52.59427,+15.522866/@52.59427,15.52286617z;52.59427;15.522866
8451;Gorzyń Mercedes NTI;64-400 ;Międzychód;Gorzyń nr działki 13/9;yes;8451@shellpl.pl;601701183;;pokaż na mapie;;;;;https://maps.google.pl/maps/search/52.5655,+15.89737/@52.5655,15.8973717z;52.5655;15.89737
8452;WB Tank Bytów;77-100;Bytów;Udorpie 93;yes;8452@shellpl.pl;607450455;;pokaż na mapie;;;;;https://maps.google.pl/maps/search/54.15384,+17.49336/@54.15384,17.4933617z;54.15384;17.49336
8512;SYCÓW FEMIX;56-500 ;Syców;ul.Kaliska 17;yes;8512@shellpl.pl;627853663;;pokaż na mapie;;;;;https://maps.google.pl/maps/search/51.314124,+17.726483/@51.314124,17.72648317z;51.314124;17.726483
8523;NOWA;49-100;Niemodlin;ul.Opolska 48a;yes;8523@shellpl.pl;606271178;;pokaż na mapie;;;;;https://maps.google.pl/maps/search/50.644008,+17.640835/@50.644008,17.64083517z;50.644008;17.640835
8532;GUBIN;66-620;Gubin;ul. II Armii Wojska Polskiego 7;yes;8532@shellpl.pl;683590036;;pokaż na mapie;;;;;https://maps.google.pl/maps/search/51.948656,+14.723547/@51.948656,14.72354717z;51.948656;14.723547
8534;SŁUBICE PRZEJŚCIE;69-100;Słubice;ul. Kopernika 85;no;8534@shellpl.pl;957582145;;pokaż na mapie;;;;;https://maps.google.pl/maps/search/52.350395,+14.557282/@52.350395,14.55728217z;52.350395;14.557282
8536;LUBAŃ SPARK;59-800;Lubań;ul. Rybacka 21;no;8536@shellpl.pl;757225558;;pokaż na mapie;;;;;https://maps.google.pl/maps/search/51.121566,+15.295769/@51.121566,15.29576917z;51.121566;15.295769
8537;PORT A2;66-235;Torzym;Boczów ul. Zakładowa 6 ;yes;8537@shellpl.pl;603518668;;pokaż na mapie;;;;;https://maps.google.pl/maps/search/52.3224,+14.93382/@52.3224,14.9338217z;52.3224;14.93382
8601;BENZPAL;97-216;Czerniewice;Wólka Jagielczyńska 1A;yes;8601@shellpl.pl;447104258;;pokaż na mapie;;;;;https://maps.google.pl/maps/search/51.671437,+20.178494/@51.671437,20.17849417z;51.671437;20.178494
